-- phpMyAdmin SQL Dump
-- version 5.2.0
-- https://www.phpmyadmin.net/
--
-- Host: localhost
-- Waktu pembuatan: 25 Sep 2025 pada 04.07
-- Versi server: 10.4.27-MariaDB
-- Versi PHP: 7.4.33

SET SQL_MODE = "NO_AUTO_VALUE_ON_ZERO";
START TRANSACTION;
SET time_zone = "+00:00";


/*!40101 SET @OLD_CHARACTER_SET_CLIENT=@@CHARACTER_SET_CLIENT */;
/*!40101 SET @OLD_CHARACTER_SET_RESULTS=@@CHARACTER_SET_RESULTS */;
/*!40101 SET @OLD_COLLATION_CONNECTION=@@COLLATION_CONNECTION */;
/*!40101 SET NAMES utf8mb4 */;

--
-- Database: `sigotik`
--

-- --------------------------------------------------------

--
-- Struktur dari tabel `bbm_anggaran`
--

CREATE TABLE `bbm_anggaran` (
  `anggaran_id` int(11) NOT NULL,
  `periode` int(11) NOT NULL DEFAULT 0,
  `m_upt_code` varchar(10) NOT NULL DEFAULT '',
  `anggaran` decimal(20,2) NOT NULL DEFAULT 0.00,
  `perubahan_ke` int(11) NOT NULL DEFAULT 0,
  `keterangan` varchar(255) NOT NULL DEFAULT '',
  `statusanggaran` tinyint(1) NOT NULL DEFAULT 0 COMMENT '0=belum app , 1 = approval',
  `user_input` varchar(10) NOT NULL DEFAULT '',
  `tanggal_input` datetime NOT NULL,
  `user_app` varchar(10) NOT NULL DEFAULT '',
  `tanggal_app` datetime NOT NULL DEFAULT current_timestamp()
) ENGINE=InnoDB DEFAULT CHARSET=latin1 COLLATE=latin1_swedish_ci ROW_FORMAT=DYNAMIC;

--
-- Dumping data untuk tabel `bbm_anggaran`
--

INSERT INTO `bbm_anggaran` (`anggaran_id`, `periode`, `m_upt_code`, `anggaran`, `perubahan_ke`, `keterangan`, `statusanggaran`, `user_input`, `tanggal_input`, `user_app`, `tanggal_app`) VALUES
(1, 2020, '000', '0.00', 0, 'PAGU ANGGARAN BBM AWAL', 1, 'admin', '2020-06-22 05:20:21', 'eris', '2020-07-09 02:19:44'),
(2, 2020, '001', '7250000000.00', 0, 'PAGU ANGGARAN BBM AWAL', 1, 'admin', '2020-06-22 05:20:21', 'eris', '2020-07-09 02:19:44'),
(3, 2020, '002', '16322822000.00', 0, 'PAGU ANGGARAN BBM AWAL', 1, 'admin', '2020-06-22 05:20:21', 'eris', '2020-07-09 02:19:44'),
(4, 2020, '003', '11887960000.00', 0, 'PAGU ANGGARAN BBM AWAL', 1, 'admin', '2020-06-22 05:20:21', 'eris', '2020-07-09 02:19:44'),
(5, 2020, '004', '9657964000.00', 0, 'PAGU ANGGARAN BBM AWAL', 1, 'admin', '2020-06-22 05:20:21', 'eris', '2020-07-09 02:19:44'),
(6, 2020, '005', '14486946000.00', 0, 'PAGU ANGGARAN BBM AWAL', 1, 'admin', '2020-06-22 05:20:21', 'eris', '2020-07-09 02:19:44'),
(7, 2020, '006', '18328636000.00', 0, 'PAGU ANGGARAN BBM AWAL', 1, 'admin', '2020-06-22 05:20:21', 'eris', '2020-07-09 02:19:44'),
(8, 2020, '007', '11659775000.00', 0, 'PAGU ANGGARAN BBM AWAL', 1, 'admin', '2020-06-22 05:20:21', 'eris', '2020-07-09 02:19:44'),
(9, 2020, '008', '7460164000.00', 0, 'PAGU ANGGARAN BBM AWAL', 1, 'admin', '2020-06-22 05:20:21', 'eris', '2020-07-09 02:19:44'),
(10, 2020, '009', '4963907000.00', 0, 'PAGU ANGGARAN BBM AWAL', 1, 'admin', '2020-06-22 05:20:21', 'eris', '2020-07-09 02:19:44'),
(11, 2020, '010', '10507415000.00', 0, 'PAGU ANGGARAN BBM AWAL', 1, 'admin', '2020-06-22 05:20:21', 'eris', '2020-07-09 02:19:44'),
(12, 2020, '011', '19590418000.00', 0, 'PAGU ANGGARAN BBM AWAL', 1, 'admin', '2020-06-22 05:20:21', 'eris', '2020-07-09 02:19:44'),
(13, 2020, '012', '7324763000.00', 0, 'PAGU ANGGARAN BBM AWAL', 1, 'admin', '2020-06-22 05:20:21', 'eris', '2020-07-09 02:19:44'),
(14, 2020, '013', '10507415000.00', 0, 'PAGU ANGGARAN BBM AWAL', 1, 'admin', '2020-06-22 05:20:21', 'eris', '2020-07-09 02:19:44'),
(15, 2020, '014', '7324763000.00', 0, 'PAGU ANGGARAN BBM AWAL', 1, 'admin', '2020-06-22 05:20:21', 'eris', '2020-07-09 02:19:44'),
(16, 2020, '015', '128643725000.00', 0, 'PAGU ANGGARAN BBM AWAL', 1, 'admin', '2020-06-22 05:20:21', 'eris', '2020-07-09 02:19:44'),
(17, 2020, '000', '0.00', 1, 'PAGU ANGGARAN BBM REVISI 1', 1, '', '2020-06-23 11:26:50', 'eris', '2020-07-09 02:19:44'),
(18, 2020, '001', '4400000000.00', 1, 'PAGU ANGGARAN BBM REVISI 1', 1, '', '2020-06-23 11:26:50', 'eris', '2020-07-09 02:19:44'),
(19, 2020, '002', '5740620000.00', 1, 'PAGU ANGGARAN BBM REVISI 1', 1, '', '2020-06-23 11:26:50', 'eris', '2020-07-09 02:19:44'),
(20, 2020, '003', '5201865000.00', 1, 'PAGU ANGGARAN BBM REVISI 1', 1, '', '2020-06-23 11:26:50', 'eris', '2020-07-09 02:19:44'),
(21, 2020, '004', '5598996000.00', 1, 'PAGU ANGGARAN BBM REVISI 1', 1, '', '2020-06-23 11:26:50', 'eris', '2020-07-09 02:19:44'),
(22, 2020, '005', '8398494000.00', 1, 'PAGU ANGGARAN BBM REVISI 1', 1, '', '2020-06-23 11:26:50', 'eris', '2020-07-09 02:19:44'),
(23, 2020, '006', '12051994000.00', 1, 'PAGU ANGGARAN BBM REVISI 1', 1, '', '2020-06-23 11:26:50', 'eris', '2020-07-09 02:19:44'),
(24, 2020, '007', '6074977000.00', 1, 'PAGU ANGGARAN BBM REVISI 1', 1, '', '2020-06-23 11:26:50', 'eris', '2020-07-09 02:19:44'),
(25, 2020, '008', '1841729000.00', 1, 'PAGU ANGGARAN BBM REVISI 1', 1, '', '2020-06-23 11:26:50', 'eris', '2020-07-09 02:19:44'),
(26, 2020, '009', '4963907000.00', 1, 'PAGU ANGGARAN BBM REVISI 1', 1, '', '2020-06-23 11:26:50', 'eris', '2020-07-09 02:19:44'),
(27, 2020, '010', '5842961000.00', 1, 'PAGU ANGGARAN BBM REVISI 1', 1, '', '2020-06-23 11:26:50', 'eris', '2020-07-09 02:19:44'),
(28, 2020, '011', '11143794000.00', 1, 'PAGU ANGGARAN BBM REVISI 1', 1, '', '2020-06-23 11:26:50', 'eris', '2020-07-09 02:19:44'),
(29, 2020, '012', '4353800000.00', 1, 'PAGU ANGGARAN BBM REVISI 1', 1, '', '2020-06-23 11:26:50', 'eris', '2020-07-09 02:19:44'),
(30, 2020, '013', '3973415000.00', 1, 'PAGU ANGGARAN BBM REVISI 1', 1, '', '2020-06-23 11:26:50', 'eris', '2020-07-09 02:19:44'),
(31, 2020, '014', '4356746000.00', 1, 'PAGU ANGGARAN BBM REVISI 1', 1, '', '2020-06-23 11:26:50', 'eris', '2020-07-09 02:19:44'),
(32, 2020, '015', '93162981000.00', 1, 'PAGU ANGGARAN BBM REVISI 1', 1, '', '2020-06-23 11:26:50', 'eris', '2020-07-09 02:19:44'),
(33, 2021, '000', '0.00', 0, 'anggarana tahun 2021', 1, 'admin', '2022-02-11 08:11:33', 'admin', '2020-07-15 04:59:07'),
(34, 2021, '001', '6023325000.00', 0, 'anggarana tahun 2021', 1, 'admin', '2022-02-11 08:11:33', 'admin', '2020-07-15 04:59:08'),
(35, 2021, '002', '7337428000.00', 0, 'anggarana tahun 2021', 1, 'admin', '2022-02-11 08:11:33', 'admin', '2020-07-15 04:59:09'),
(36, 2021, '003', '8239383000.00', 0, 'anggarana tahun 2021', 1, 'admin', '2022-02-11 08:11:33', 'admin', '2020-07-15 04:59:09'),
(37, 2021, '004', '13858403000.00', 0, 'anggarana tahun 2021', 1, 'admin', '2022-02-11 08:11:33', 'admin', '2020-07-15 04:59:09'),
(38, 2021, '005', '18750973000.00', 0, 'anggarana tahun 2021', 1, 'admin', '2022-02-11 08:11:33', 'admin', '2020-07-15 04:59:09'),
(39, 2021, '006', '15930859000.00', 0, 'anggarana tahun 2021', 1, 'admin', '2022-02-11 08:11:33', 'admin', '2020-07-15 04:59:09'),
(40, 2021, '007', '3575275000.00', 0, 'anggarana tahun 2021', 1, 'admin', '2022-02-11 08:11:33', 'admin', '2020-07-15 04:59:09'),
(41, 2021, '008', '3710811000.00', 0, 'anggarana tahun 2021', 1, 'admin', '2022-02-11 08:11:33', 'admin', '2020-07-15 04:59:09'),
(42, 2021, '009', '3606853000.00', 0, 'anggarana tahun 2021', 1, 'admin', '2022-02-11 08:11:33', 'admin', '2020-07-15 04:59:09'),
(43, 2021, '010', '7977400000.00', 0, 'anggarana tahun 2021', 1, 'admin', '2022-02-11 08:11:33', 'admin', '2020-07-15 04:59:09'),
(44, 2021, '011', '12786589000.00', 0, 'anggarana tahun 2021', 1, 'admin', '2022-02-11 08:11:33', 'admin', '2020-07-15 04:59:09'),
(45, 2021, '012', '5139075000.00', 0, 'anggarana tahun 2021', 1, 'admin', '2022-02-11 08:11:33', 'admin', '2020-07-15 04:59:09'),
(46, 2021, '013', '6147880000.00', 0, 'anggarana tahun 2021', 1, 'admin', '2022-02-11 08:11:33', 'admin', '2020-07-15 04:59:10'),
(47, 2021, '014', '5201205000.00', 0, 'anggarana tahun 2021', 1, 'admin', '2022-02-11 08:11:33', 'admin', '2020-07-15 04:59:10'),
(48, 2021, '015', '113980095000.00', 0, 'anggarana tahun 2021', 1, 'admin', '2022-02-11 08:11:33', 'admin', '2020-07-15 04:59:10'),
(49, 2022, '000', '0.00', 0, 'PAGU T.A 2022', 1, '', '2021-12-16 09:18:49', 'admin', '2021-12-23 03:10:19'),
(50, 2022, '001', '4552103000.00', 0, 'PAGU T.A 2022', 1, '', '2021-12-16 09:18:49', 'admin', '2021-12-23 03:10:19'),
(51, 2022, '002', '4990454000.00', 0, 'PAGU T.A 2022', 1, '', '2021-12-16 09:18:49', 'admin', '2021-12-23 03:10:19'),
(52, 2022, '003', '5365431000.00', 0, 'PAGU T.A 2022', 1, '', '2021-12-16 09:18:49', 'admin', '2021-12-23 03:10:19'),
(53, 2022, '004', '11947069000.00', 0, 'PAGU T.A 2022', 1, '', '2021-12-16 09:18:49', 'admin', '2021-12-23 03:10:19'),
(54, 2022, '005', '16330734000.00', 0, 'PAGU T.A 2022', 1, '', '2021-12-16 09:18:49', 'admin', '2021-12-23 03:10:19'),
(55, 2022, '006', '12096563000.00', 0, 'PAGU T.A 2022', 1, '', '2021-12-16 09:18:49', 'admin', '2021-12-23 03:10:19'),
(56, 2022, '007', '2495227000.00', 0, 'PAGU T.A 2022', 1, '', '2021-12-16 09:18:49', 'admin', '2021-12-23 03:10:19'),
(57, 2022, '008', '2713895000.00', 0, 'PAGU T.A 2022', 1, '', '2021-12-16 09:18:49', 'admin', '2021-12-23 03:10:19'),
(58, 2022, '009', '2886508000.00', 0, 'PAGU T.A 2022', 1, '', '2021-12-16 09:18:49', 'admin', '2021-12-23 03:10:19'),
(59, 2022, '010', '6092568000.00', 0, 'PAGU T.A 2022', 1, '', '2021-12-16 09:18:49', 'admin', '2021-12-23 03:10:19'),
(60, 2022, '011', '11974439000.00', 0, 'PAGU T.A 2022', 1, '', '2021-12-16 09:18:49', 'admin', '2021-12-23 03:10:19'),
(61, 2022, '012', '4552103000.00', 0, 'PAGU T.A 2022', 1, '', '2021-12-16 09:18:49', 'admin', '2021-12-23 03:10:19'),
(62, 2022, '013', '6092568000.00', 0, 'PAGU T.A 2022', 1, '', '2021-12-16 09:18:49', 'admin', '2021-12-23 03:10:19'),
(63, 2022, '014', '4886063000.00', 0, 'PAGU T.A 2022', 1, '', '2021-12-16 09:18:49', 'admin', '2021-12-23 03:10:19'),
(64, 2022, '015', '80681257000.00', 0, 'PAGU T.A 2022', 1, '', '2021-12-16 09:18:49', 'admin', '2021-12-23 03:10:19'),
(65, 2022, '000', '0.00', 0, 'PAGU T.A 2022', 1, '', '2021-12-16 09:18:57', 'admin', '2021-12-23 03:10:19'),
(66, 2022, '001', '4552103000.00', 0, 'PAGU T.A 2022', 1, '', '2021-12-16 09:18:57', 'admin', '2021-12-23 03:10:19'),
(67, 2022, '002', '4990454000.00', 0, 'PAGU T.A 2022', 1, '', '2021-12-16 09:18:57', 'admin', '2021-12-23 03:10:19'),
(68, 2022, '003', '5365431000.00', 0, 'PAGU T.A 2022', 1, '', '2021-12-16 09:18:57', 'admin', '2021-12-23 03:10:19'),
(69, 2022, '004', '11947069000.00', 0, 'PAGU T.A 2022', 1, '', '2021-12-16 09:18:57', 'admin', '2021-12-23 03:10:19'),
(70, 2022, '005', '16330734000.00', 0, 'PAGU T.A 2022', 1, '', '2021-12-16 09:18:57', 'admin', '2021-12-23 03:10:19'),
(71, 2022, '006', '12096563000.00', 0, 'PAGU T.A 2022', 1, '', '2021-12-16 09:18:57', 'admin', '2021-12-23 03:10:19'),
(72, 2022, '007', '2495227000.00', 0, 'PAGU T.A 2022', 1, '', '2021-12-16 09:18:57', 'admin', '2021-12-23 03:10:19'),
(73, 2022, '008', '2713895000.00', 0, 'PAGU T.A 2022', 1, '', '2021-12-16 09:18:57', 'admin', '2021-12-23 03:10:19'),
(74, 2022, '009', '2886508000.00', 0, 'PAGU T.A 2022', 1, '', '2021-12-16 09:18:57', 'admin', '2021-12-23 03:10:19'),
(75, 2022, '010', '6092568000.00', 0, 'PAGU T.A 2022', 1, '', '2021-12-16 09:18:57', 'admin', '2021-12-23 03:10:19'),
(76, 2022, '011', '11974439000.00', 0, 'PAGU T.A 2022', 1, '', '2021-12-16 09:18:57', 'admin', '2021-12-23 03:10:19'),
(77, 2022, '012', '4552103000.00', 0, 'PAGU T.A 2022', 1, '', '2021-12-16 09:18:57', 'admin', '2021-12-23 03:10:19'),
(78, 2022, '013', '6092568000.00', 0, 'PAGU T.A 2022', 1, '', '2021-12-16 09:18:57', 'admin', '2021-12-23 03:10:19'),
(79, 2022, '014', '4886063000.00', 0, 'PAGU T.A 2022', 1, '', '2021-12-16 09:18:57', 'admin', '2021-12-23 03:10:19'),
(80, 2022, '015', '80681257000.00', 0, 'PAGU T.A 2022', 1, '', '2021-12-16 09:18:57', 'admin', '2021-12-23 03:10:19'),
(81, 2022, '000', '0.00', 0, 'PAGU T.A 2022', 1, '', '2021-12-16 09:18:58', 'admin', '2021-12-23 03:10:19'),
(82, 2022, '001', '4552103000.00', 0, 'PAGU T.A 2022', 1, '', '2021-12-16 09:18:58', 'admin', '2021-12-23 03:10:19'),
(83, 2022, '002', '4990454000.00', 0, 'PAGU T.A 2022', 1, '', '2021-12-16 09:18:58', 'admin', '2021-12-23 03:10:19'),
(84, 2022, '003', '5365431000.00', 0, 'PAGU T.A 2022', 1, '', '2021-12-16 09:18:58', 'admin', '2021-12-23 03:10:19'),
(85, 2022, '004', '11947069000.00', 0, 'PAGU T.A 2022', 1, '', '2021-12-16 09:18:58', 'admin', '2021-12-23 03:10:19'),
(86, 2022, '005', '16330734000.00', 0, 'PAGU T.A 2022', 1, '', '2021-12-16 09:18:58', 'admin', '2021-12-23 03:10:19'),
(87, 2022, '006', '12096563000.00', 0, 'PAGU T.A 2022', 1, '', '2021-12-16 09:18:58', 'admin', '2021-12-23 03:10:19'),
(88, 2022, '007', '2495227000.00', 0, 'PAGU T.A 2022', 1, '', '2021-12-16 09:18:58', 'admin', '2021-12-23 03:10:19'),
(89, 2022, '008', '2713895000.00', 0, 'PAGU T.A 2022', 1, '', '2021-12-16 09:18:58', 'admin', '2021-12-23 03:10:19'),
(90, 2022, '009', '2886508000.00', 0, 'PAGU T.A 2022', 1, '', '2021-12-16 09:18:58', 'admin', '2021-12-23 03:10:19'),
(91, 2022, '010', '6092568000.00', 0, 'PAGU T.A 2022', 1, '', '2021-12-16 09:18:58', 'admin', '2021-12-23 03:10:19'),
(92, 2022, '011', '11974439000.00', 0, 'PAGU T.A 2022', 1, '', '2021-12-16 09:18:58', 'admin', '2021-12-23 03:10:19'),
(93, 2022, '012', '4552103000.00', 0, 'PAGU T.A 2022', 1, '', '2021-12-16 09:18:58', 'admin', '2021-12-23 03:10:19'),
(94, 2022, '013', '6092568000.00', 0, 'PAGU T.A 2022', 1, '', '2021-12-16 09:18:58', 'admin', '2021-12-23 03:10:19'),
(95, 2022, '014', '4886063000.00', 0, 'PAGU T.A 2022', 1, '', '2021-12-16 09:18:58', 'admin', '2021-12-23 03:10:19'),
(96, 2022, '015', '80681257000.00', 0, 'PAGU T.A 2022', 1, '', '2021-12-16 09:18:58', 'admin', '2021-12-23 03:10:19'),
(97, 2022, '000', '0.00', 0, 'PAGU T.A 2022', 1, '', '2021-12-16 09:18:59', 'admin', '2021-12-23 03:10:19'),
(98, 2022, '001', '4552103000.00', 0, 'PAGU T.A 2022', 1, '', '2021-12-16 09:18:59', 'admin', '2021-12-23 03:10:19'),
(99, 2022, '002', '4990454000.00', 0, 'PAGU T.A 2022', 1, '', '2021-12-16 09:18:59', 'admin', '2021-12-23 03:10:19'),
(100, 2022, '003', '5365431000.00', 0, 'PAGU T.A 2022', 1, '', '2021-12-16 09:18:59', 'admin', '2021-12-23 03:10:19'),
(101, 2022, '004', '11947069000.00', 0, 'PAGU T.A 2022', 1, '', '2021-12-16 09:18:59', 'admin', '2021-12-23 03:10:19'),
(102, 2022, '005', '16330734000.00', 0, 'PAGU T.A 2022', 1, '', '2021-12-16 09:18:59', 'admin', '2021-12-23 03:10:19'),
(103, 2022, '006', '12096563000.00', 0, 'PAGU T.A 2022', 1, '', '2021-12-16 09:18:59', 'admin', '2021-12-23 03:10:19'),
(104, 2022, '007', '2495227000.00', 0, 'PAGU T.A 2022', 1, '', '2021-12-16 09:18:59', 'admin', '2021-12-23 03:10:19'),
(105, 2022, '008', '2713895000.00', 0, 'PAGU T.A 2022', 1, '', '2021-12-16 09:18:59', 'admin', '2021-12-23 03:10:19'),
(106, 2022, '009', '2886508000.00', 0, 'PAGU T.A 2022', 1, '', '2021-12-16 09:18:59', 'admin', '2021-12-23 03:10:19'),
(107, 2022, '010', '6092568000.00', 0, 'PAGU T.A 2022', 1, '', '2021-12-16 09:18:59', 'admin', '2021-12-23 03:10:19'),
(108, 2022, '011', '11974439000.00', 0, 'PAGU T.A 2022', 1, '', '2021-12-16 09:18:59', 'admin', '2021-12-23 03:10:19'),
(109, 2022, '012', '4552103000.00', 0, 'PAGU T.A 2022', 1, '', '2021-12-16 09:18:59', 'admin', '2021-12-23 03:10:19'),
(110, 2022, '013', '6092568000.00', 0, 'PAGU T.A 2022', 1, '', '2021-12-16 09:18:59', 'admin', '2021-12-23 03:10:19'),
(111, 2022, '014', '4886063000.00', 0, 'PAGU T.A 2022', 1, '', '2021-12-16 09:18:59', 'admin', '2021-12-23 03:10:19'),
(112, 2022, '015', '80681257000.00', 0, 'PAGU T.A 2022', 1, '', '2021-12-16 09:18:59', 'admin', '2021-12-23 03:10:19'),
(129, 2023, '000', '0.00', 0, 'PAGU AWAL BBM 2023', 1, 'admin', '2022-12-26 02:25:31', 'admin', '2022-12-26 02:25:45'),
(130, 2023, '001', '6281550000.00', 0, 'PAGU AWAL BBM 2023', 1, 'admin', '2022-12-26 02:25:31', 'admin', '2022-12-26 02:25:45'),
(131, 2023, '002', '7998566000.00', 0, 'PAGU AWAL BBM 2023', 1, 'admin', '2022-12-26 02:25:31', 'admin', '2022-12-26 02:25:45'),
(132, 2023, '003', '7918072000.00', 0, 'PAGU AWAL BBM 2023', 1, 'admin', '2022-12-26 02:25:31', 'admin', '2022-12-26 02:25:45'),
(133, 2023, '004', '16893716000.00', 0, 'PAGU AWAL BBM 2023', 1, 'admin', '2022-12-26 02:25:31', 'admin', '2022-12-26 02:25:45'),
(134, 2023, '005', '22823935000.00', 0, 'PAGU AWAL BBM 2023', 1, 'admin', '2022-12-26 02:25:31', 'admin', '2022-12-26 02:25:45'),
(135, 2023, '006', '15646950000.00', 0, 'PAGU AWAL BBM 2023', 1, 'admin', '2022-12-26 02:25:31', 'admin', '2022-12-26 02:25:45'),
(136, 2023, '007', '3592723000.00', 0, 'PAGU AWAL BBM 2023', 1, 'admin', '2022-12-26 02:25:31', 'admin', '2022-12-26 02:25:45'),
(137, 2023, '008', '3876260000.00', 0, 'PAGU AWAL BBM 2023', 1, 'admin', '2022-12-26 02:25:31', 'admin', '2022-12-26 02:25:45'),
(138, 2023, '009', '4339527000.00', 0, 'PAGU AWAL BBM 2023', 1, 'admin', '2022-12-26 02:25:31', 'admin', '2022-12-26 02:25:45'),
(139, 2023, '010', '7911486000.00', 0, 'PAGU AWAL BBM 2023', 1, 'admin', '2022-12-26 02:25:31', 'admin', '2022-12-26 02:25:45'),
(140, 2023, '011', '19051956000.00', 0, 'PAGU AWAL BBM 2023', 1, 'admin', '2022-12-26 02:25:31', 'admin', '2022-12-26 02:25:45'),
(141, 2023, '012', '6862350000.00', 0, 'PAGU AWAL BBM 2023', 1, 'admin', '2022-12-26 02:25:31', 'admin', '2022-12-26 02:25:45'),
(142, 2023, '013', '8782686000.00', 0, 'PAGU AWAL BBM 2023', 1, 'admin', '2022-12-26 02:25:31', 'admin', '2022-12-26 02:25:45'),
(143, 2023, '014', '6281550000.00', 0, 'PAGU AWAL BBM 2023', 1, 'admin', '2022-12-26 02:25:31', 'admin', '2022-12-26 02:25:45'),
(144, 2023, '015', '142107333000.00', 0, 'PAGU AWAL BBM 2023', 1, 'admin', '2022-12-26 02:25:31', 'admin', '2022-12-26 02:25:45'),
(145, 2024, '000', '0.00', 0, 'PAGU AWAL BBM TA 2024', 1, 'admin', '2024-01-04 07:31:16', 'admin', '2024-01-03 08:32:47'),
(146, 2024, '001', '3757298000.00', 0, 'PAGU AWAL BBM TA 2024', 1, 'admin', '2024-01-04 07:31:16', 'admin', '2024-01-03 08:32:47'),
(147, 2024, '002', '10174095000.00', 0, 'PAGU AWAL BBM TA 2024', 1, 'admin', '2024-01-04 07:31:16', 'admin', '2024-01-03 08:32:47'),
(148, 2024, '003', '4673295000.00', 0, 'PAGU AWAL BBM TA 2024', 1, 'admin', '2024-01-04 07:31:16', 'admin', '2024-01-03 08:32:47'),
(149, 2024, '004', '9242690000.00', 0, 'PAGU AWAL BBM TA 2024', 1, 'admin', '2024-01-04 07:31:16', 'admin', '2024-01-03 08:32:47'),
(150, 2024, '005', '12921896000.00', 0, 'PAGU AWAL BBM TA 2024', 1, 'admin', '2024-01-04 07:31:16', 'admin', '2024-01-03 08:32:47'),
(151, 2024, '006', '9229028000.00', 0, 'PAGU AWAL BBM TA 2024', 1, 'admin', '2024-01-04 07:31:16', 'admin', '2024-01-03 08:32:47'),
(152, 2024, '007', '2132856000.00', 0, 'PAGU AWAL BBM TA 2024', 1, 'admin', '2024-01-04 07:31:16', 'admin', '2024-01-03 08:32:47'),
(153, 2024, '008', '2487276000.00', 0, 'PAGU AWAL BBM TA 2024', 1, 'admin', '2024-01-04 07:31:16', 'admin', '2024-01-03 08:32:47'),
(154, 2024, '009', '2558160000.00', 0, 'PAGU AWAL BBM TA 2024', 1, 'admin', '2024-01-04 07:31:16', 'admin', '2024-01-03 08:32:47'),
(155, 2024, '010', '4836397000.00', 0, 'PAGU AWAL BBM TA 2024', 1, 'admin', '2024-01-04 07:31:16', 'admin', '2024-01-03 08:32:47'),
(156, 2024, '011', '32374604000.00', 0, 'PAGU AWAL BBM TA 2024', 1, 'admin', '2024-01-04 07:31:16', 'admin', '2024-01-03 08:32:47'),
(157, 2024, '012', '12084188000.00', 0, 'PAGU AWAL BBM TA 2024', 1, 'admin', '2024-01-04 07:31:16', 'admin', '2024-01-03 08:32:47'),
(158, 2024, '013', '5110825000.00', 0, 'PAGU AWAL BBM TA 2024', 1, 'admin', '2024-01-04 07:31:16', 'admin', '2024-01-03 08:32:47'),
(159, 2024, '014', '3940250000.00', 0, 'PAGU AWAL BBM TA 2024', 1, 'admin', '2024-01-04 07:31:16', 'admin', '2024-01-03 08:32:47'),
(160, 2024, '015', '251063140000.00', 0, 'PAGU AWAL BBM TA 2024', 1, 'admin', '2024-01-04 07:31:16', 'admin', '2024-01-03 08:32:47'),
(161, 0, '000', '0.00', 0, 'PAGU AWAL BBM TA 2024', 1, 'admin', '2024-01-04 07:14:16', 'admin', '2024-01-04 07:14:46'),
(162, 0, '001', '3757298000.00', 0, 'PAGU AWAL BBM TA 2024', 1, 'admin', '2024-01-04 07:14:16', 'admin', '2024-01-04 07:14:46'),
(163, 0, '002', '10174095000.00', 0, 'PAGU AWAL BBM TA 2024', 1, 'admin', '2024-01-04 07:14:16', 'admin', '2024-01-04 07:14:46'),
(164, 0, '003', '4673295000.00', 0, 'PAGU AWAL BBM TA 2024', 1, 'admin', '2024-01-04 07:14:16', 'admin', '2024-01-04 07:14:46'),
(165, 0, '004', '9242690000.00', 0, 'PAGU AWAL BBM TA 2024', 1, 'admin', '2024-01-04 07:14:16', 'admin', '2024-01-04 07:14:46'),
(166, 0, '005', '12921896000.00', 0, 'PAGU AWAL BBM TA 2024', 1, 'admin', '2024-01-04 07:14:16', 'admin', '2024-01-04 07:14:46'),
(167, 0, '006', '9229028000.00', 0, 'PAGU AWAL BBM TA 2024', 1, 'admin', '2024-01-04 07:14:16', 'admin', '2024-01-04 07:14:46'),
(168, 0, '007', '2132856000.00', 0, 'PAGU AWAL BBM TA 2024', 1, 'admin', '2024-01-04 07:14:16', 'admin', '2024-01-04 07:14:46'),
(169, 0, '008', '2487276000.00', 0, 'PAGU AWAL BBM TA 2024', 1, 'admin', '2024-01-04 07:14:16', 'admin', '2024-01-04 07:14:46'),
(170, 0, '009', '2558160000.00', 0, 'PAGU AWAL BBM TA 2024', 1, 'admin', '2024-01-04 07:14:16', 'admin', '2024-01-04 07:14:46'),
(171, 0, '010', '4836397000.00', 0, 'PAGU AWAL BBM TA 2024', 1, 'admin', '2024-01-04 07:14:16', 'admin', '2024-01-04 07:14:46'),
(172, 0, '011', '32374604000.00', 0, 'PAGU AWAL BBM TA 2024', 1, 'admin', '2024-01-04 07:14:16', 'admin', '2024-01-04 07:14:46'),
(173, 0, '012', '12084188000.00', 0, 'PAGU AWAL BBM TA 2024', 1, 'admin', '2024-01-04 07:14:16', 'admin', '2024-01-04 07:14:46'),
(174, 0, '013', '5110825000.00', 0, 'PAGU AWAL BBM TA 2024', 1, 'admin', '2024-01-04 07:14:16', 'admin', '2024-01-04 07:14:46'),
(175, 0, '014', '3940250000.00', 0, 'PAGU AWAL BBM TA 2024', 1, 'admin', '2024-01-04 07:14:16', 'admin', '2024-01-04 07:14:46'),
(176, 0, '015', '251063140000.00', 0, 'PAGU AWAL BBM TA 2024', 1, 'admin', '2024-01-04 07:14:16', 'admin', '2024-01-04 07:14:46'),
(194, 2025, '000', '0.00', 0, 'DIPA AWAL BBM KP TA 2024', 1, 'admin', '2025-01-02 10:02:36', 'admin', '2025-01-02 10:03:25'),
(195, 2025, '001', '11458349000.00', 0, 'DIPA AWAL BBM KP TA 2024', 1, 'admin', '2025-01-02 10:02:36', 'admin', '2025-01-02 10:03:25'),
(196, 2025, '002', '10892105000.00', 0, 'DIPA AWAL BBM KP TA 2024', 1, 'admin', '2025-01-02 10:02:36', 'admin', '2025-01-02 10:03:25'),
(197, 2025, '003', '5259112000.00', 0, 'DIPA AWAL BBM KP TA 2024', 1, 'admin', '2025-01-02 10:02:36', 'admin', '2025-01-02 10:03:25'),
(198, 2025, '004', '9111794000.00', 0, 'DIPA AWAL BBM KP TA 2024', 1, 'admin', '2025-01-02 10:02:36', 'admin', '2025-01-02 10:03:25'),
(199, 2025, '005', '6864547000.00', 0, 'DIPA AWAL BBM KP TA 2024', 1, 'admin', '2025-01-02 10:02:36', 'admin', '2025-01-02 10:03:25'),
(200, 2025, '006', '11041174000.00', 0, 'DIPA AWAL BBM KP TA 2024', 1, 'admin', '2025-01-02 10:02:36', 'admin', '2025-01-02 10:03:25'),
(201, 2025, '007', '1265406000.00', 0, 'DIPA AWAL BBM KP TA 2024', 1, 'admin', '2025-01-02 10:02:36', 'admin', '2025-01-02 10:03:25'),
(202, 2025, '008', '2912132000.00', 0, 'DIPA AWAL BBM KP TA 2024', 1, 'admin', '2025-01-02 10:02:36', 'admin', '2025-01-02 10:03:25'),
(203, 2025, '009', '11406403000.00', 0, 'DIPA AWAL BBM KP TA 2024', 1, 'admin', '2025-01-02 10:02:36', 'admin', '2025-01-02 10:03:25'),
(204, 2025, '010', '5333190000.00', 0, 'DIPA AWAL BBM KP TA 2024', 1, 'admin', '2025-01-02 10:02:36', 'admin', '2025-01-02 10:03:25'),
(205, 2025, '011', '11650348000.00', 0, 'DIPA AWAL BBM KP TA 2024', 1, 'admin', '2025-01-02 10:02:36', 'admin', '2025-01-02 10:03:26'),
(206, 2025, '012', '4563868000.00', 0, 'DIPA AWAL BBM KP TA 2024', 1, 'admin', '2025-01-02 10:02:36', 'admin', '2025-01-02 10:03:26'),
(207, 2025, '013', '5333190000.00', 0, 'DIPA AWAL BBM KP TA 2024', 1, 'admin', '2025-01-02 10:02:36', 'admin', '2025-01-02 10:03:26'),
(208, 2025, '014', '4563868000.00', 0, 'DIPA AWAL BBM KP TA 2024', 1, 'admin', '2025-01-02 10:02:36', 'admin', '2025-01-02 10:03:26'),
(209, 2025, '015', '141907433000.00', 0, 'DIPA AWAL BBM KP TA 2024', 1, 'admin', '2025-01-02 10:02:37', 'admin', '2025-01-02 10:03:26');

-- --------------------------------------------------------

--
-- Struktur dari tabel `bbm_anggaran_upt`
--

CREATE TABLE `bbm_anggaran_upt` (
  `anggaran_upt_id` int(11) NOT NULL,
  `tanggal_trans` date NOT NULL,
  `m_upt_code` varchar(10) NOT NULL DEFAULT '',
  `nominal` decimal(20,2) NOT NULL DEFAULT 0.00,
  `nomor_surat` varchar(50) NOT NULL DEFAULT '',
  `keterangan` varchar(255) NOT NULL DEFAULT '',
  `statusperubahan` tinyint(1) NOT NULL DEFAULT 0 COMMENT '0=belum app , 1 = approval , 2 = batal',
  `user_input` varchar(10) NOT NULL DEFAULT '',
  `tanggal_input` datetime NOT NULL,
  `user_app` varchar(10) NOT NULL DEFAULT '',
  `tanggal_app` datetime DEFAULT NULL
) ENGINE=InnoDB DEFAULT CHARSET=latin1 COLLATE=latin1_swedish_ci ROW_FORMAT=COMPACT;

--
-- Dumping data untuk tabel `bbm_anggaran_upt`
--

INSERT INTO `bbm_anggaran_upt` (`anggaran_upt_id`, `tanggal_trans`, `m_upt_code`, `nominal`, `nomor_surat`, `keterangan`, `statusperubahan`, `user_input`, `tanggal_input`, `user_app`, `tanggal_app`) VALUES
(6, '2020-07-09', '015', '-8520718000.00', 'xxxxxxxxx/VII/2020', 'Revisi Ke IV', 1, 'dirpoa01', '2020-07-16 03:43:58', 'dirpoa01', '2020-07-16 03:45:04'),
(10, '2020-10-13', '011', '795464000.00', '2307/Lan.6/TU.210/X/2020', 'Perubahan Nilai Kontrak BBM', 1, 'tual', '2020-11-25 09:13:28', 'tual', '2020-11-25 09:23:17'),
(11, '2020-09-10', '010', '208000000.00', '714/Sta.3/TU.210/IX/2020', 'Perubahan penambahan anggaran BBM', 1, 'kupang', '2020-11-26 12:56:29', 'kupang', '2020-11-26 12:56:39'),
(13, '2020-10-29', '002', '-403037000.00', '', 'Revisi Optimalisasi Anggaran BBM', 1, 'bitung', '2020-11-26 07:17:59', 'bitung', '2020-11-26 07:18:19'),
(14, '2020-04-26', '009', '-2511180000.00', '1444/Lan.4/TU.210/IV/2020', 'PERMOHONAN ADENDUM I KONTRAK JUAL BELI BBM TA. 2020', 1, 'benoa', '2020-11-26 08:50:04', 'benoa', '2020-11-26 08:50:12'),
(15, '2020-11-13', '012', '-595546000.00', '', 'revisi november', 1, 'ambon', '2020-11-26 04:00:57', 'ambon', '2020-11-26 04:01:16'),
(16, '2020-09-11', '001', '-400000000.00', '0707/LAN.1/TU.210/VIII/2020', 'ADENDUM II', 1, 'lampulo', '2020-11-26 06:05:02', 'lampulo', '2020-12-02 12:50:19'),
(17, '2020-11-27', '014', '-389329000.00', '', '', 1, 'tahuna', '2020-11-27 01:48:29', 'tahuna', '2020-12-02 10:50:36'),
(18, '2020-11-24', '005', '195307000.00', '3304/Lan.2/TU.211/XI/2020', '', 1, 'batam', '2020-11-30 02:59:54', 'batam', '2020-11-30 03:00:43'),
(19, '2020-11-24', '013', '-235300000.00', '', '', 1, 'biak', '2020-12-02 01:01:40', 'biak', '2020-12-02 01:01:55'),
(20, '2020-09-08', '013', '-1702519000.00', '', '', 1, 'biak', '2020-12-02 11:10:36', 'biak', '2020-12-02 11:10:52'),
(23, '2020-11-30', '002', '-20000000.00', '', 'Revisi DJA', 1, 'bitung', '2020-12-03 06:58:05', 'bitung', '2020-12-03 06:58:24'),
(24, '2020-11-23', '015', '-14296163000.00', '', 'Revisi pok 6a', 1, 'dirpoa01', '2020-12-03 03:56:37', 'dirpoa01', '2020-12-03 03:57:31'),
(25, '2020-12-05', '013', '-43085000.00', '', '', 1, 'biak', '2020-12-21 12:41:34', 'biak', '2020-12-21 12:41:54'),
(27, '2021-02-01', '010', '-235000000.00', '107/Sta.3/TU.210/2021', 'Anggaran BBM Berkurang 235.000.000', 1, '', '2021-03-09 06:09:46', 'kupang', '2021-03-09 06:10:33'),
(28, '2021-06-02', '012', '-107910000.00', '', 'POK Revisi 5 ', 1, 'ambon', '2021-06-15 04:24:24', 'ambon', '2021-06-15 04:26:24'),
(29, '2021-06-08', '015', '-4944474000.00', 'Revisi 4A', 'Revisi POK Juni', 1, 'dirpoa01', '2021-06-21 07:50:39', 'dirpoa01', '2021-06-21 07:51:00'),
(30, '2021-07-22', '015', '-15547275000.00', '-', 'REVISI REFOCUSING TAHAP 3', 1, 'dirpoa01', '2021-08-20 07:16:23', 'dirpoa01', '2021-08-20 07:16:35'),
(32, '2021-08-13', '007', '-730748000.00', 'SP DIPA-032.05.2.031665/2021', 'Revisi Anggaran Ke 5 Recofusing', 1, 'cilacap', '2021-08-16 05:17:46', 'cilacap', '2021-08-16 05:17:58'),
(33, '2021-08-13', '015', '-25000000000.00', '', 'REVISI REFOCUSING TAHAP 4', 1, 'dirpoa01', '2021-08-20 07:04:39', 'dirpoa01', '2021-08-20 07:04:59'),
(34, '2021-08-18', '011', '-1370554000.00', '691/LAN.6/PL.420/VIII/2021', 'Refocusing', 1, 'tual', '2021-08-18 06:41:32', 'tual', '2021-08-18 06:42:02'),
(39, '2021-08-13', '009', '-727624000.00', '', 'REVISI REFOCUSING KE IV', 1, 'benoa', '2021-08-20 07:28:05', 'benoa', '2021-08-20 07:28:52'),
(41, '2021-07-27', '012', '-2141264000.00', '3378/Sta.7/RC.420/VII/2021', '', 1, 'ambon', '2021-08-20 07:47:13', 'ambon', '2021-08-20 07:47:51'),
(42, '2021-07-26', '013', '-2032066000.00', '', 'REVISI REFOCUSING TAHAP 4', 1, 'biak', '2021-08-20 08:30:33', 'biak', '2021-08-20 08:31:34'),
(43, '2021-08-09', '008', '-1129277000.00', 'B.2306/PSDKPSta.5/RC.430/VIII/2021', 'RECOFUSHING ', 1, 'tarakan', '2021-08-20 08:49:05', 'tarakan', '2021-09-27 01:14:49'),
(44, '2021-08-13', '001', '-2175342000.00', '', 'REVISI REFOCUSING TAHAP IV', 1, 'lampulo', '2021-08-23 03:45:33', 'lampulo', '2021-08-23 03:46:11'),
(45, '2021-08-13', '014', '-748331000.00', '', '', 1, 'tahuna', '2021-08-23 06:35:41', 'tahuna', '2021-09-01 01:01:20'),
(49, '2021-07-12', '010', '-165000000.00', '758/Sta.3/TU.210/VII/2021', 'Anggaran BBM Berkurang 165.000.000', 1, 'kupang', '2021-08-25 04:14:53', 'kupang', '2021-08-25 04:16:35'),
(50, '2021-07-28', '010', '-1297765000.00', '815/Sta.3/TU.210/VII/2021', 'Anggaran BBM Berkurang 1.297.765.000', 1, 'kupang', '2021-08-25 04:16:22', 'kupang', '2021-08-25 04:16:38'),
(51, '2021-08-05', '003', '-1893780000.00', '714/PPK-Lan.3/VIII/2021', 'Addendum I', 1, 'jakarta', '2021-08-26 09:45:55', 'jakarta', '2021-08-26 09:49:13'),
(52, '2021-09-24', '013', '-873000000.00', '', 'Revisi Anggaran', 1, 'biak', '2021-11-02 12:59:28', 'biak', '2021-11-02 01:03:05'),
(56, '2021-10-27', '015', '1620768000.00', 'Revisi 9 A ', '27 Oktober 2021', 1, 'dirpoa01', '2021-11-12 08:48:29', 'dirpoa01', '2021-11-12 08:48:43'),
(57, '2021-11-26', '013', '51000000.00', '', 'Revisi Anggaran', 1, 'biak', '2021-11-29 06:10:59', 'biak', '2021-11-30 12:33:39'),
(58, '2021-09-06', '005', '-1710732000.00', '-', 'Adedndum ke II', 1, 'batam', '2021-12-01 01:46:13', 'batam', '2021-12-01 01:46:25'),
(59, '1970-01-01', '008', '-224787000.00', '', 'RECOFUSHING ', 1, 'tarakan', '2021-12-01 03:46:42', 'tarakan', '2021-12-09 06:12:34'),
(60, '2021-11-16', '015', '1639346000.00', 'POK 10A', 'REVISI BULAN NOVEMBER POA 10A ', 1, 'dirpoa01', '2021-12-01 07:51:31', 'dirpoa01', '2021-12-01 07:51:52'),
(63, '2021-10-27', '012', '2592000.00', '', 'Revisi 10', 1, 'ambon', '2021-12-05 02:22:47', 'ambon', '2021-12-05 02:23:25'),
(64, '2021-12-06', '015', '826939000.00', '10 D', 'POK 6 Desember 2021', 1, 'dirpoa01', '2021-12-16 02:47:48', 'dirpoa01', '2021-12-16 02:48:04'),
(65, '2021-12-20', '007', '-2829000.00', '001.add.2/SP-BBM/PSDKPSta.1/PL.421/XII/2021', 'add.2 Optimalisasi Pertamina', 1, 'cilacap', '2021-12-20 01:55:39', 'cilacap', '2021-12-20 01:55:59'),
(66, '2021-12-20', '015', '530057000.00', '10 G', 'Revisi POA 20 Desember 2021', 1, 'dirpoa01', '2021-12-23 04:08:02', 'dirpoa01', '2021-12-23 04:08:29'),
(67, '2022-03-02', '015', '-1865044000.00', 'REVISI 2A', 'REVISI KANWIL ', 1, 'dirpoa01', '2022-03-21 03:29:32', 'dirpoa01', '2022-03-21 03:29:58'),
(68, '2022-03-31', '013', '16894000.00', '', 'Revisi Anggaran', 1, 'biak', '2022-04-01 02:30:15', 'biak', '2022-04-01 02:31:09'),
(69, '2022-07-05', '010', '30000.00', '', '', 1, 'kupang', '2022-07-05 05:47:21', 'kupang', '2022-07-05 05:47:52'),
(70, '2022-09-26', '007', '-591852000.00', '01.a/SP.Add/PSDKPSta.1/bbm/PL.420/V/2022', 'add.1 Optimalisasi Patra Niaga', 1, 'cilacap', '2022-09-30 10:16:41', 'cilacap', '2022-09-30 10:16:58'),
(71, '2022-10-13', '014', '-100000000.00', 'B.1380/PSDKPSta.6/HP.420/X/2022', 'Usulan Revisi anggaran', 1, 'tahuna', '2022-10-17 06:40:41', 'tahuna', '2022-10-18 02:04:56'),
(72, '2022-11-01', '012', '-38006000.00', '', 'Revisi V', 1, 'ambon', '2022-11-01 01:33:37', 'ambon', '2022-11-01 01:34:17'),
(73, '2022-01-24', '002', '29380000.00', '', 'Revisi 1', 1, 'bitung', '2022-11-17 01:47:28', 'bitung', '2022-11-17 01:47:42'),
(74, '2022-10-17', '002', '136870000.00', '', 'Revisi 10', 1, 'bitung', '2022-11-17 01:29:23', 'bitung', '2022-11-17 01:29:39'),
(75, '2022-06-13', '015', '2195467000.00', '', 'POK JUNI 2022', 1, 'dirpoa01', '2022-11-22 02:12:30', 'dirpoa01', '2022-11-22 02:19:04'),
(76, '2022-09-12', '015', '928830000.00', '', 'POK SEPTEMBER 2022', 1, 'dirpoa01', '2022-11-22 02:14:19', 'dirpoa01', '2022-11-22 02:19:08'),
(77, '2022-11-01', '015', '1861231000.00', '', 'POK 1 NOVEMBER 2022', 1, 'dirpoa01', '2022-11-22 02:15:21', 'dirpoa01', '2022-11-22 02:19:10'),
(78, '2022-11-21', '015', '114901000.00', '', 'POK 21 NOVEMBER 2022', 1, 'dirpoa01', '2022-11-22 02:16:20', 'dirpoa01', '2022-11-22 02:19:13'),
(79, '2022-11-07', '008', '-75654000.00', 'B.2062/PSDKPSta.5/PL.421/XI/2022', 'Revisi Anggaran', 1, 'tarakan', '2022-11-23 02:42:54', 'tarakan', '2022-11-23 02:43:26'),
(81, '2022-12-06', '005', '-6355750.00', 'B.3251/PSDKPLan.2/KU.211/XII/2022', '', 1, 'batam', '2022-12-09 02:39:54', 'batam', '2022-12-09 03:03:18'),
(82, '2022-12-12', '013', '-42723000.00', '', 'Revisi Anggaran', 1, 'biak', '2022-12-13 06:57:16', 'biak', '2022-12-13 06:58:14'),
(83, '2022-12-12', '008', '-913000.00', 'B.2271/PSDKPSta.5/PL.421/XII/2022', 'Revisi Anggaran', 1, 'tarakan', '2022-12-19 02:32:58', 'tarakan', '2022-12-19 02:33:13'),
(84, '2022-12-05', '015', '99951000.00', '', 'POK Desember 1 2022', 1, 'dirpoa01', '2022-12-20 03:31:53', 'dirpoa01', '2022-12-20 03:32:01'),
(85, '2022-12-13', '015', '-1887000.00', '', 'POK Desember 2 2022', 1, 'dirpoa01', '2022-12-20 03:33:28', 'dirpoa01', '2024-12-31 07:24:58'),
(86, '2022-11-19', '007', '-13453000.00', 'SP DIPA- 032.05.2.031665/2022 Tanggal 19 November ', 'Revisi 11 Nomor: S-4732/WPB.14/2022 Kewenangan Kanwil', 1, 'cilacap', '2022-12-20 04:14:49', 'cilacap', '2022-12-20 04:15:20'),
(87, '2022-11-01', '004', '-7544000.00', 'B.264/Sta.2/PL.421/XI/2022', 'Addendum', 1, 'belawan', '2022-12-20 04:58:07', 'belawan', '2022-12-20 04:58:23'),
(88, '2022-05-31', '004', '-850000000.00', 'B.148/Sta.2/PL.421/V/2022', 'Addendum karena AA', 1, 'belawan', '2022-12-20 05:17:58', 'belawan', '2022-12-20 05:18:19'),
(90, '2022-02-17', '004', '-57700000.00', '010069045422222022', 'Nota Debet Kurang Bayar', 1, 'belawan', '2023-01-03 11:24:44', 'belawan', '2023-01-03 11:25:02'),
(91, '2023-05-05', '005', '-300000000.00', 'T.1141/PSDKPlan.2/PL.420/V/2023', 'Perubahan Nilai Kontrak', 1, 'batam', '2023-05-09 06:51:00', 'batam', '2023-05-09 06:51:26'),
(92, '2023-10-06', '013', '-150000000.00', '', 'RKaKL Rev 13', 1, 'biak', '2023-10-23 06:29:42', 'biak', '2023-10-25 12:07:46'),
(93, '2023-11-01', '013', '-110000000.00', '', 'Rev POK 19', 1, 'biak', '2023-11-03 08:23:46', 'biak', '2023-11-03 08:24:42'),
(94, '2023-11-07', '012', '2877512000.00', '', '', 1, 'ambon', '2023-11-15 01:29:48', 'ambon', '2023-11-15 01:30:38'),
(96, '2023-11-02', '008', '535228000.00', 'B.2347/PSDKPSta.5/TU.210/XI/2023 ', 'Revisi Penambahan Anggaran', 1, 'tarakan', '2023-11-09 03:01:29', 'tarakan', '2023-11-09 03:02:03'),
(97, '2023-11-25', '013', '-54071000.00', '', 'Rev POK 21', 1, 'biak', '2023-11-27 07:56:15', 'biak', '2023-11-27 07:57:30'),
(98, '2023-11-01', '011', '5439083000.00', 'B.2951/PSDKPLan.6/PW.380/XI/2023', '', 1, 'tual', '2023-11-29 12:32:51', 'tual', '2023-11-29 12:34:50'),
(99, '2023-11-03', '009', '1043712000.00', '3311/Add/PPK/PSDKPLan.4/PL.400/XI/2023', 'penambahan anggaran dari POA', 1, 'benoa', '2023-12-11 02:03:27', 'benoa', '2023-12-11 02:49:22'),
(100, '2023-11-21', '014', '1905973000.00', '013-Addendum/001/SPK/ULP.PSDKP/POKJA.11/I/2023', 'Penambahan Anggaran BBM', 1, 'tahuna', '2023-12-12 02:22:40', 'tahuna', '2024-12-18 11:27:21'),
(101, '2023-11-09', '002', '2120000000.00', 'B.3581/PSDKPLan.5/PL.420/XI/2023', 'Adendum BBM', 1, 'bitung', '2023-12-23 02:28:59', 'bitung', '2023-12-23 02:29:20'),
(102, '2023-12-01', '015', '4879865000.00', 'ABT DAN POK DESEMBER 2023', 'ABT DAN POK DESEMBER 2023', 1, 'dirpoa01', '2023-12-28 06:36:18', 'dirpoa01', '2023-12-28 06:36:33'),
(103, '2023-11-03', '003', '500000000.00', 'SP-014/PNC220000/2023-SO', 'ADDENDUM I PERJANJIAN  JUAL BELI BAHAN BAKAR MINYAK', 1, 'jakarta', '2024-01-04 02:11:16', 'jakarta', '2024-01-04 02:11:39'),
(105, '2024-01-23', '008', '-338199000.00', 'B.342/PSDKPSta.5/TU.210/I/2024', 'Revisi Pengurangan Anggaran', 1, 'tarakan', '2024-01-25 04:12:15', 'tarakan', '2024-01-25 04:12:43'),
(107, '2023-12-21', '004', '5258301000.00', 'B.3152 /PSDKPSta.2/PL.421/XII/2023', 'Addendum Nilai BBM ', 1, 'belawan', '2024-01-30 07:29:02', 'belawan', '2024-01-30 07:37:11'),
(108, '2024-01-30', '007', '-281493000.00', 'B.230/PSDKPSta.1/TU.210/I/2024', 'add.1 Optimalisasi Patra Niaga', 1, 'cilacap', '2024-02-20 08:58:25', 'cilacap', '2024-03-06 06:14:42'),
(109, '2023-11-02', '005', '2505502000.00', 'T.3253/PSDKPLAN.2/PL.420/XI/2023', 'Perubahan Nilai Kontrak', 1, 'batam', '2024-02-26 08:27:04', 'batam', '2024-02-26 08:28:31'),
(110, '2023-12-20', '005', '-64173000.00', 'B.3798/PSDKPLAN.2/PL.450/XII/2023', '', 1, 'batam', '2024-02-26 08:35:08', 'batam', '2024-02-26 08:36:11'),
(111, '2023-12-18', '006', '5692594000.00', 'B.2687/PSDKPSta.4/PW.380/XII/2023', 'Addendum II Nilai Perjanjian Jual Beli BBM Tahun Anggaran 2023', 1, 'pontianak', '2024-02-26 09:41:59', 'pontianak', '2024-02-26 09:42:36'),
(117, '2023-12-29', '008', '-155000.00', 'B.2347/PSDKPSta.5/TU.210/XI/2023 ', 'Revisi Anggaran', 1, 'tarakan', '2024-02-26 09:39:05', 'tarakan', '2024-02-26 09:42:36'),
(119, '2023-01-09', '010', '2179388000.00', 'SP.46/PPK1-STA.3/PL.421/I/2023', 'Anggaran BBM bertambah', 1, 'kupang', '2024-02-26 10:55:58', 'kupang', '2024-02-26 10:56:10'),
(120, '2023-01-09', '010', '-46000.00', 'SP.46/PPK1-STA.3/PL.421/I/2023', 'Anggaran BBM berkurang', 1, 'kupang', '2024-02-26 10:59:03', 'kupang', '2024-02-26 10:59:11'),
(121, '2024-01-22', '013', '-920185000.00', '', 'Rev DJA AA - Januari 2024', 1, 'biak', '2024-03-04 01:10:05', 'biak', '2024-03-04 01:10:42'),
(122, '2023-11-01', '001', '1570352000.00', '0005/PSDKPLan.1/PL.610/XI/2023', 'pengurangan hari patroli dan anggaran bbm hiu 12 ', 0, 'lampulo', '2024-03-06 03:52:40', '', NULL),
(123, '2023-12-18', '007', '1706215000.00', '', '', 1, 'cilacap', '2024-03-06 06:51:32', 'cilacap', '2024-03-06 06:52:40'),
(125, '2024-01-23', '001', '-515790000.00', '0001/PSDKPLan.1/PL.610/I/2024', 'Pengurangan anggaran BBM Hiu 12 ', 0, 'lampulo', '2024-03-26 09:27:22', '', NULL),
(127, '2024-01-31', '005', '-1742060000.00', '', 'AA', 1, 'batam', '2024-05-16 12:50:42', 'batam', '2024-05-16 12:52:20'),
(128, '2024-01-23', '014', '-569000000.00', '001-Addendum/001/SPK/ULP.PSDKP/POKJA.II/IV/2024', 'Dilakukan Revisi Blokir Anggaran (Automatic Adjustment)', 1, 'tahuna', '2024-05-16 01:39:13', 'tahuna', '2024-12-18 11:18:15'),
(130, '2024-05-01', '002', '-213444000.00', '', 'Revisi ke-5 RKAKL Tahun 2024', 0, 'bitung', '2024-07-04 09:02:05', '', NULL),
(131, '2024-11-06', '005', '1108296000.00', '', 'Pengembalian AA', 1, 'batam', '2024-11-11 07:42:07', 'batam', '2024-11-11 07:43:27'),
(132, '2024-10-01', '004', '-200000000.00', '225 /PSDKPSta.2/PL.421/X/2024', 'Addendum I', 1, 'belawan', '2024-11-13 12:25:15', 'belawan', '2024-11-13 12:25:37'),
(134, '2024-09-01', '015', '-3705500000.00', 'REVISI POK 29 ', '', 1, 'dirpoa01', '2024-12-02 06:55:27', 'dirpoa01', '2024-12-02 06:55:53'),
(135, '2024-11-08', '015', '-1999200000.00', 'BUKA AA', 'REVISI KANWIL BUKA  AA', 1, 'dirpoa01', '2024-12-02 07:57:30', 'dirpoa01', '2024-12-02 07:57:46'),
(136, '2024-11-12', '015', '-8804231000.00', 'REVISI POK NOVEMBER', 'DUKUNGAN PESAWAT PATROLI', 1, 'dirpoa01', '2024-12-02 08:03:18', 'dirpoa01', '2024-12-02 08:03:28'),
(137, '2024-11-26', '008', '341223000.00', 'B.3070/PSDKPSta.5/TU.210/XI/2024', 'Pembukaan Blokir Anggaran AA', 1, 'tarakan', '2024-12-05 01:02:39', 'tarakan', '2024-12-05 01:03:56'),
(138, '2024-12-12', '013', '308510000.00', '', 'Rev POK 39', 1, 'biak', '2024-12-12 07:40:23', 'biak', '2024-12-12 07:41:01'),
(139, '2024-12-18', '005', '-3958000.00', 'B.4576/PSDKPLan.2/PL.420/XII/2024', 'Perubahan nilai kontrak final', 1, 'batam', '2024-12-23 05:02:10', 'batam', '2024-12-23 05:03:19'),
(140, '2024-10-29', '001', '515790000.00', 'B.862/DJPSDKP/RC.420/X/2024', 'Rekomposisi Automatic Adjustment (AA) Dalam Rangka Pemenuhan hari Operasi Kapal Pengawas ', 0, 'lampulo', '2024-12-27 10:52:38', '', NULL),
(141, '2024-12-31', '015', '-343778000.00', 'REVISI POK', 'REVISI POK ', 1, 'dirpoa01', '2024-12-31 05:59:57', 'dirpoa01', '2024-12-31 07:25:04'),
(142, '2024-11-28', '014', '629324000.00', '001- Addendum/001/SPK/ULP.PSDKP/POKJA.11/I/2024', 'Penambahan Nilai Anggaran BBM KP. Hiu 15', 1, 'tahuna', '2024-12-31 06:13:09', 'tahuna', '2024-12-31 06:15:21'),
(143, '2024-12-14', '014', '-96349000.00', '012- Addendum/001/SPK/ULP.PSDKP/POKJA.11/I/2024', 'Pengurangan Nilai BBM Kp. Hiu 15', 1, 'tahuna', '2024-12-31 07:07:53', 'tahuna', '2024-12-31 07:08:11'),
(144, '2024-12-02', '004', '654037000.00', '287/PSDKPSta.2/PL.421/XII/2024', 'Addendum ke II', 1, 'belawan', '2025-02-26 04:40:36', 'belawan', '2025-02-26 04:43:48'),
(145, '2024-12-16', '004', '-147000000.00', 'B.318/PSDKPSta.2/PL.421/XII/2024', 'Addendum ke III', 1, 'belawan', '2025-02-26 05:10:45', 'belawan', '2025-02-26 05:10:57'),
(147, '2025-05-21', '008', '-59125000.00', 'B.1246/PSDKPSta.5/TU.210/V/2025', 'Usulan Revisi Anggaran Kewenangan Kanwil DJPB Kalimantan Utara', 1, 'tarakan', '2025-05-21 07:52:44', 'tarakan', '2025-05-21 07:53:38'),
(149, '2025-02-14', '015', '-1995990000.00', '', 'Efisiensi Anggaran', 1, 'dirpoa01', '2025-08-21 02:03:37', 'dirpoa01', '2025-08-21 02:03:58'),
(150, '2025-07-17', '015', '-10000000000.00', '1592/DJPSDKP.3/RC.420/VII/2025', 'DUKUNGAN PESAWAT PATROLI', 1, 'dirpoa01', '2025-08-21 02:06:30', 'dirpoa01', '2025-08-21 02:06:47'),
(151, '2025-09-01', '013', '-1597866000.00', '', 'Revisi POK dan MP PNBP', 1, 'biak', '2025-09-03 07:14:29', 'biak', '2025-09-03 07:15:16');

-- --------------------------------------------------------

--
-- Struktur dari tabel `bbm_kapaltrans`
--

CREATE TABLE `bbm_kapaltrans` (
  `trans_id` int(11) NOT NULL,
  `kapal_code` varchar(30) NOT NULL DEFAULT '',
  `nomor_surat` varchar(50) NOT NULL DEFAULT '',
  `tanggal_surat` date DEFAULT NULL,
  `jam_surat` char(8) NOT NULL DEFAULT '',
  `zona_waktu_surat` enum('WIB','WITA','WIT') NOT NULL DEFAULT 'WIB',
  `lokasi_surat` varchar(200) NOT NULL,
  `volume_sisa` decimal(10,2) NOT NULL DEFAULT 0.00,
  `volume_sebelum` decimal(10,0) NOT NULL DEFAULT 0,
  `tanggal_sebelum` date DEFAULT NULL,
  `volume_pengisian` decimal(10,2) NOT NULL DEFAULT 0.00,
  `tanggal_pengisian` date DEFAULT NULL,
  `volume_pemakaian` decimal(10,2) NOT NULL DEFAULT 0.00,
  `nomor_nota` varchar(30) NOT NULL DEFAULT '',
  `keterangan_jenis_bbm` varchar(50) NOT NULL DEFAULT '',
  `status_ba` tinyint(1) NOT NULL DEFAULT 0,
  `jenis_tranport` enum('0','1','2','3','') NOT NULL DEFAULT '0' COMMENT '0 = kosong, 1 = mobil, 2 = kapal',
  `status_segel` tinyint(1) DEFAULT 1 COMMENT '1 baik 2 rusak',
  `gambar_segel` varchar(100) DEFAULT NULL,
  `status_flowmeter` tinyint(1) DEFAULT 1 COMMENT '1 baik 2 rusak',
  `gambar_flowmeter` varchar(100) DEFAULT NULL,
  `kesimpulan` tinyint(1) DEFAULT 1 COMMENT '1. pengisian dilakukan 2 pengisian di tunda',
  `penyedia` varchar(50) NOT NULL DEFAULT '' COMMENT 'nama pt penyedia',
  `jabatan_staf_pangkalan` char(50) NOT NULL,
  `nama_staf_pagkalan` varchar(50) NOT NULL DEFAULT '',
  `nip_staf` varchar(25) NOT NULL DEFAULT '',
  `nama_nahkoda` varchar(50) NOT NULL DEFAULT '',
  `nip_nahkoda` varchar(25) NOT NULL DEFAULT '',
  `nama_kkm` varchar(50) NOT NULL DEFAULT '',
  `nip_kkm` varchar(25) NOT NULL DEFAULT '',
  `status_modul` tinyint(1) NOT NULL DEFAULT 0,
  `no_tagihan` varchar(50) NOT NULL DEFAULT '',
  `status_bayar` tinyint(1) NOT NULL DEFAULT 0,
  `status_upload` tinyint(1) NOT NULL DEFAULT 0 COMMENT '0 belum upload 1 sudah upload',
  `file_upload` varchar(100) NOT NULL DEFAULT '',
  `tanggalinput` datetime NOT NULL,
  `user_input` varchar(10) NOT NULL DEFAULT '',
  `link_modul_ba` varchar(100) DEFAULT '',
  `no_so` varchar(20) DEFAULT NULL,
  `peruntukan` varchar(70) DEFAULT NULL,
  `penggunaan` decimal(10,2) DEFAULT NULL,
  `nama_penitip` varchar(50) DEFAULT NULL,
  `jabatan_penitip` varchar(50) DEFAULT NULL,
  `alamat_penitip` varchar(200) DEFAULT NULL,
  `penyedia_penitip` varchar(100) DEFAULT NULL,
  `alamat_penyedia_penitip` varchar(200) DEFAULT NULL,
  `link_modul_ba_tamb` varchar(100) DEFAULT '',
  `link_modul_temp` varchar(50) DEFAULT NULL,
  `an_staf` int(11) DEFAULT 0,
  `an_nakhoda` int(11) DEFAULT 0,
  `an_kkm` int(11) DEFAULT 0,
  `kapal_code_temp` varchar(30) DEFAULT NULL,
  `pangkat_nahkoda` varchar(50) DEFAULT NULL,
  `nama_nahkoda_temp` varchar(50) DEFAULT NULL,
  `nip_nahkoda_temp` varchar(25) DEFAULT NULL,
  `pangkat_nahkoda_temp` varchar(30) DEFAULT NULL,
  `nama_kkm_temp` varchar(50) DEFAULT NULL,
  `nip_kkm_temp` varchar(25) DEFAULT NULL,
  `an_nakhoda_temp` int(11) DEFAULT NULL,
  `an_kkm_temp` int(11) DEFAULT NULL,
  `status_temp` int(11) DEFAULT NULL,
  `sebab_temp` varchar(200) DEFAULT NULL,
  `nama_penyedia` varchar(100) DEFAULT NULL,
  `instansi_temp` varchar(100) DEFAULT NULL,
  `alamat_instansi_temp` varchar(100) DEFAULT NULL,
  `nomer_persetujuan` varchar(100) DEFAULT NULL,
  `tgl_persetujuan` date DEFAULT NULL,
  `m_persetujuan_id` int(11) DEFAULT NULL,
  `lokasi_temp` varchar(100) DEFAULT NULL
) ENGINE=InnoDB DEFAULT CHARSET=latin1 COLLATE=latin1_swedish_ci ROW_FORMAT=COMPACT;

-- --------------------------------------------------------

--
-- Struktur dari tabel `bbm_tagihan`
--

CREATE TABLE `bbm_tagihan` (
  `tagihan_id` int(11) NOT NULL,
  `m_upt_code` varchar(10) NOT NULL DEFAULT '',
  `no_tagihan` varchar(50) NOT NULL DEFAULT '',
  `tanggal_invoice` date DEFAULT NULL,
  `no_invoice` varchar(30) NOT NULL DEFAULT '',
  `penyedia` varchar(50) NOT NULL DEFAULT '',
  `quantity` int(11) NOT NULL DEFAULT 0,
  `harga` decimal(12,2) NOT NULL DEFAULT 0.00,
  `hargaperliter` decimal(12,2) NOT NULL DEFAULT 0.00,
  `ppn` decimal(12,2) NOT NULL DEFAULT 0.00,
  `total` decimal(20,2) NOT NULL DEFAULT 0.00,
  `statustagihan` tinyint(1) NOT NULL DEFAULT 0 COMMENT '0 = input, 1 = approval, 3= batal',
  `tanggal_sppd` date DEFAULT NULL,
  `file` varchar(255) DEFAULT NULL,
  `user_input` varchar(10) NOT NULL DEFAULT '',
  `tanggal_input` datetime DEFAULT NULL,
  `user_app` varchar(10) NOT NULL DEFAULT '',
  `tanggal_app` datetime DEFAULT NULL,
  `user_batal` varchar(10) NOT NULL DEFAULT '',
  `tanggal_batal` datetime DEFAULT NULL,
  `tagihanke` varchar(30) NOT NULL,
  `no_spt` varchar(50) DEFAULT NULL,
  `file_sppd` varchar(255) DEFAULT NULL
) ENGINE=InnoDB DEFAULT CHARSET=latin1 COLLATE=latin1_swedish_ci ROW_FORMAT=DYNAMIC;

-- --------------------------------------------------------

--
-- Struktur dari tabel `bbm_transdetail`
--

CREATE TABLE `bbm_transdetail` (
  `bbm_transdetail_id` int(11) NOT NULL,
  `nomor_surat` varchar(50) NOT NULL DEFAULT '',
  `transportasi` varchar(20) NOT NULL DEFAULT '',
  `no_so` varchar(20) NOT NULL DEFAULT '',
  `no_do` varchar(20) NOT NULL DEFAULT '',
  `volume_isi` decimal(10,2) NOT NULL DEFAULT 0.00,
  `keterangan` varchar(30) NOT NULL DEFAULT '',
  `no_invoice` varchar(50) DEFAULT '',
  `tgl_invoice` date DEFAULT '1970-01-02',
  `harga_total` decimal(20,2) DEFAULT 0.00,
  `status_bayar` tinyint(1) NOT NULL DEFAULT 0,
  `no_tagihan` varchar(50) DEFAULT NULL,
  `tanggalinput` datetime NOT NULL,
  `userid` varchar(10) NOT NULL DEFAULT ''
) ENGINE=InnoDB DEFAULT CHARSET=latin1 COLLATE=latin1_swedish_ci ROW_FORMAT=COMPACT;

-- --------------------------------------------------------

--
-- Struktur dari tabel `categories`
--

CREATE TABLE `categories` (
  `id` int(11) NOT NULL,
  `name` varchar(255) NOT NULL,
  `slug` varchar(255) NOT NULL,
  `status` int(11) NOT NULL
) ENGINE=InnoDB DEFAULT CHARSET=latin1 COLLATE=latin1_swedish_ci ROW_FORMAT=COMPACT;

--
-- Dumping data untuk tabel `categories`
--

INSERT INTO `categories` (`id`, `name`, `slug`, `status`) VALUES
(1, 'Pengumuman', 'Pengumuman', 1),
(2, 'Agenda', 'agenda', 1),
(3, 'Artikel', 'artikel', 1),
(4, 'Pelayanan', 'pelayanan', 1),
(5, 'Berita Penting', 'Berita-penting', 1),
(6, 'HoAX & Penipuan', 'hack-ddos', 1);

-- --------------------------------------------------------

--
-- Struktur dari tabel `conf_group`
--

CREATE TABLE `conf_group` (
  `conf_group_id` int(11) NOT NULL,
  `group` varchar(255) DEFAULT NULL
) ENGINE=InnoDB DEFAULT CHARSET=utf8mb4 COLLATE=utf8mb4_general_ci ROW_FORMAT=COMPACT;

--
-- Dumping data untuk tabel `conf_group`
--

INSERT INTO `conf_group` (`conf_group_id`, `group`) VALUES
(1, 'Admins'),
(2, 'UPT'),
(3, 'KAPAL'),
(5, 'PUSAT');

-- --------------------------------------------------------

--
-- Struktur dari tabel `conf_role_menu`
--

CREATE TABLE `conf_role_menu` (
  `id` int(11) NOT NULL,
  `conf_group_id` int(11) DEFAULT NULL,
  `stm_menu_id` int(11) DEFAULT NULL
) ENGINE=InnoDB DEFAULT CHARSET=utf8mb4 COLLATE=utf8mb4_general_ci ROW_FORMAT=COMPACT;

--
-- Dumping data untuk tabel `conf_role_menu`
--

INSERT INTO `conf_role_menu` (`id`, `conf_group_id`, `stm_menu_id`) VALUES
(1889, 2, 50),
(1890, 2, 35),
(1891, 2, 28),
(1892, 2, 67),
(1893, 2, 65),
(1894, 2, 23),
(1895, 2, 61),
(1896, 2, 72),
(1897, 2, 66),
(1898, 2, 22),
(1899, 2, 68),
(1900, 2, 64),
(1901, 2, 62),
(1902, 2, 57),
(1903, 2, 63),
(1904, 2, 21),
(1905, 2, 56),
(1906, 2, 26),
(1907, 2, 20),
(1908, 2, 27),
(1909, 2, 49),
(1910, 2, 34),
(1911, 2, 41),
(1912, 2, 38),
(1913, 2, 37),
(1914, 2, 43),
(1915, 2, 48),
(1916, 2, 53),
(1917, 2, 74),
(1918, 2, 75),
(1919, 2, 69),
(1920, 2, 54),
(1921, 2, 77),
(1922, 2, 76),
(1923, 2, 60),
(1924, 2, 70),
(1925, 2, 59),
(1926, 2, 71),
(1927, 2, 46),
(1928, 2, 52),
(1929, 2, 45),
(1930, 2, 55),
(1931, 2, 51),
(1932, 2, 44),
(1933, 2, 40),
(1991, 1, 33),
(1992, 1, 50),
(1993, 1, 35),
(1994, 1, 28),
(1995, 1, 67),
(1996, 1, 65),
(1997, 1, 23),
(1998, 1, 61),
(1999, 1, 72),
(2000, 1, 66),
(2001, 1, 22),
(2002, 1, 68),
(2003, 1, 64),
(2004, 1, 62),
(2005, 1, 57),
(2006, 1, 63),
(2007, 1, 21),
(2008, 1, 56),
(2009, 1, 26),
(2010, 1, 20),
(2011, 1, 27),
(2012, 1, 31),
(2013, 1, 49),
(2014, 1, 34),
(2015, 1, 41),
(2016, 1, 6),
(2017, 1, 38),
(2018, 1, 37),
(2019, 1, 43),
(2020, 1, 48),
(2021, 1, 53),
(2022, 1, 74),
(2023, 1, 75),
(2024, 1, 69),
(2025, 1, 54),
(2026, 1, 77),
(2027, 1, 76),
(2028, 1, 60),
(2029, 1, 70),
(2030, 1, 59),
(2031, 1, 71),
(2032, 1, 46),
(2033, 1, 52),
(2034, 1, 45),
(2035, 1, 55),
(2036, 1, 10),
(2037, 1, 51),
(2038, 1, 39),
(2039, 1, 32),
(2040, 1, 29),
(2041, 1, 78),
(2042, 1, 44),
(2043, 1, 9),
(2044, 1, 40),
(2045, 1, 7),
(2046, 1, 8),
(2079, 3, 28),
(2080, 3, 67),
(2081, 3, 65),
(2082, 3, 23),
(2083, 3, 61),
(2084, 3, 72),
(2085, 3, 66),
(2086, 3, 22),
(2087, 3, 68),
(2088, 3, 64),
(2089, 3, 62),
(2090, 3, 57),
(2091, 3, 63),
(2092, 3, 21),
(2093, 3, 56),
(2094, 3, 26),
(2095, 3, 20),
(2096, 3, 27),
(2097, 3, 41),
(2098, 3, 38),
(2099, 3, 37),
(2100, 3, 48),
(2101, 3, 74),
(2102, 3, 75),
(2103, 3, 69),
(2104, 3, 76),
(2105, 3, 54),
(2106, 3, 77),
(2107, 3, 60),
(2108, 3, 70),
(2109, 3, 59),
(2110, 3, 71),
(2138, 5, 28),
(2139, 5, 67),
(2140, 5, 65),
(2141, 5, 23),
(2142, 5, 61),
(2143, 5, 72),
(2144, 5, 66),
(2145, 5, 22),
(2146, 5, 68),
(2147, 5, 64),
(2148, 5, 62),
(2149, 5, 57),
(2150, 5, 63),
(2151, 5, 21),
(2152, 5, 56),
(2153, 5, 26),
(2154, 5, 20),
(2155, 5, 27),
(2156, 5, 41),
(2157, 5, 38),
(2158, 5, 37),
(2159, 5, 43),
(2160, 5, 48),
(2161, 5, 46),
(2162, 5, 45),
(2163, 5, 29),
(2164, 5, 44);

-- --------------------------------------------------------

--
-- Struktur dari tabel `conf_user`
--

CREATE TABLE `conf_user` (
  `conf_user_id` int(11) NOT NULL,
  `username` varchar(30) NOT NULL,
  `password` varchar(50) DEFAULT NULL,
  `m_upt_code` varchar(20) DEFAULT NULL,
  `conf_group_id` int(11) DEFAULT NULL,
  `email` varchar(50) DEFAULT NULL,
  `is_active` enum('0','1') DEFAULT '1',
  `nama_lengkap` varchar(100) DEFAULT NULL,
  `nip` varchar(30) DEFAULT NULL,
  `golongan` varchar(30) DEFAULT NULL,
  `date_insert` datetime DEFAULT NULL,
  `user_insert` varchar(30) DEFAULT NULL,
  `date_update` datetime DEFAULT NULL,
  `user_update` varchar(30) DEFAULT NULL
) ENGINE=InnoDB DEFAULT CHARSET=utf8mb4 COLLATE=utf8mb4_general_ci ROW_FORMAT=COMPACT;

--
-- Dumping data untuk tabel `conf_user`
--

INSERT INTO `conf_user` (`conf_user_id`, `username`, `password`, `m_upt_code`, `conf_group_id`, `email`, `is_active`, `nama_lengkap`, `nip`, `golongan`, `date_insert`, `user_insert`, `date_update`, `user_update`) VALUES
(1, 'admin', 'f39efe5b2cb1196ece4e0a50b27c3b69', '000', 1, 'administrator@gmail.com', '1', 'Administrator', NULL, NULL, NULL, NULL, '2024-09-04 10:06:53', 'admin'),
(6, 'hiu05', '0500b4f565fefdecb56ea1192d9b9925', '002', 3, 'rollingwattimena07@gmail.com', '1', 'hiu05', '', '', '2020-06-11 16:19:36', 'admin', '2021-01-25 18:19:32', 'hiu05'),
(7, 'bitung', '827ccb0eea8a706c4c34a16891f84e7b', '002', 2, 'celebe282@gmail.com', '1', 'UPT PSDKP Bitung', '', '', '2020-06-11 16:20:59', 'admin', '2025-02-24 07:34:12', 'admin'),
(8, 'jakarta', 'e10adc3949ba59abbe56e057f20f883e', '003', 2, 'mrizal2304@gmail.com', '1', 'UPT Jakarta', '', '', '2020-06-11 16:23:54', 'admin', '2021-05-18 08:51:57', 'jakarta'),
(9, 'hiu10', '663772ea088360f95bac3dc7ffb841be', '003', 3, '', '1', 'KP. Hiu 10', '', '', '2020-06-11 16:25:21', 'admin', '2020-11-27 11:22:58', 'hiu10'),
(10, 'eris', '827ccb0eea8a706c4c34a16891f84e7b', '000', 5, 'testuser@pentasystem.id', '1', '', '', '', '2020-06-11 16:47:45', 'admin', NULL, NULL),
(12, 'erna', '035b3c6377652bd7d49b5d2e9a53ef40', '000', 5, '', '1', 'Ernawati', '', '', '2020-06-11 16:58:38', 'admin', NULL, NULL),
(14, 'dwitomo', '827ccb0eea8a706c4c34a16891f84e7b', '015', 1, 'andydwitomo@gmail.com', '1', 'andy dwitomo', '198905202018011001', '3A', '2020-06-12 10:32:30', 'admin', '2020-06-12 10:36:18', 'admin'),
(16, 'orca01', 'f30618ed64655812746272636a992b95', '015', 3, 'orca01@kkp.go.id', '1', 'orca 01', '', '', '2020-06-15 20:40:37', 'admin', '2020-11-27 09:51:20', 'orca01'),
(17, 'orca02', 'c491fe15d0ad62cab6b289d27c983d0f', '015', 3, 'orca02@kkp.go.id', '1', 'Orca 02', '', '', '2020-06-15 20:41:30', 'admin', '2020-06-15 20:42:48', 'admin'),
(18, 'orca03', 'f1358d7a8afaf00837f3d60bcef6d4c5', '015', 3, 'orca03@kkp.go.id', '1', 'Orca 03', '', '', '2020-06-15 20:43:26', 'admin', '2020-11-28 18:55:01', 'orca03'),
(19, 'orca04', '396d067e4796c85630bb0b07a14ecf70', '015', 3, 'kapalpengawas.orca04@gmail.com', '1', 'Orca 04', '', '', '2020-06-15 20:44:09', 'admin', '2020-11-28 17:19:01', 'orca04'),
(20, 'macantutul01', '8161d84966c2680fee6fc0471285c88f', '002', 3, 'macantutul01@kkp.go.id', '1', 'KP Macan Tutul 01', '', '', '2020-06-15 20:45:54', 'admin', '2025-02-24 07:14:52', 'admin'),
(21, 'macantutul02', '5151edc4437986df3a2a21f29290fb45', '009', 3, 'macantutul02@kkp.go.id', '1', 'KP Macan tutul 02', '', '', '2020-06-15 20:49:57', 'admin', '2025-02-24 07:15:05', 'admin'),
(22, 'paus01', 'd927df268a419a099b72f0f6ba6e329d', '015', 3, 'paus@kkp.go.id', '1', 'Paus', '', '', '2020-06-15 20:50:44', 'admin', '2020-09-07 14:27:14', 'admin'),
(23, 'akarbahar01', 'e0fa898551b8b4516ee7b451472c1e36', '015', 3, 'akarbahar@kkp.go.id', '1', 'Akar Bahar', '', '', '2020-06-15 20:51:26', 'admin', '2020-12-01 09:43:42', 'akarbahar01'),
(24, 'dirpoa01', '8c78eba9b9c7501bb06b5b3442f1c141', '015', 2, 'dirpoa@kkp.go.id', '1', 'Direktorat POA', '', '', '2020-06-15 20:53:37', 'admin', '2024-09-04 10:08:45', 'dirpoa01'),
(26, 'macan01', 'b570d8c475a033c7c390534d9f58b948', '006', 3, '', '1', 'KP Hiu Macan 01', '-', '', '2020-06-17 10:17:58', 'admin', '2020-12-18 13:23:13', 'macan01'),
(27, 'pontianak', '827ccb0eea8a706c4c34a16891f84e7b', '006', 2, '', '1', 'UPT Pontianak', '', '', '2020-06-17 16:22:57', 'admin', '2020-11-25 05:37:33', 'admin'),
(28, 'hiu01', '35e970b37e0a9628d2f61113cb6c0733', '004', 3, '', '1', 'KP. Hiu 01', '', '', '2020-06-19 13:31:47', 'admin', '2020-11-25 05:47:19', 'admin'),
(29, 'hiu08', 'd94c8bcb5b9dda219de8d287574ca182', '004', 3, '', '1', 'KP. Hiu 08', '', '', '2020-06-19 13:32:30', 'admin', '2021-02-08 16:04:36', 'hiu08'),
(30, 'lampulo', '827ccb0eea8a706c4c34a16891f84e7b', '001', 2, 'kapalpengawas.logistik@gmail.com', '1', 'UPT Lampulo', 'xxxx', 'III', '2020-06-22 09:48:53', 'admin', '2020-11-25 05:50:59', 'admin'),
(31, 'batam', '827ccb0eea8a706c4c34a16891f84e7b', '005', 2, '', '1', 'UPT Batam', 'XXX', '', '2020-06-22 10:19:49', 'admin', '2021-12-01 08:17:07', 'admin'),
(32, 'tual', '827ccb0eea8a706c4c34a16891f84e7b', '011', 2, '', '1', 'UPT Tual', '', '', '2020-06-22 10:49:01', 'admin', '2025-02-12 06:50:30', 'admin'),
(33, 'benoa', 'c7dac0aa14b72cb6e42bbccfb4dd2297', '009', 2, '', '1', 'UPT Benoa', '', '', '2020-06-22 13:13:41', 'admin', '2020-11-25 05:33:51', 'admin'),
(34, 'belawan', 'c0d57bf3f99c4c216d00808b1c3f5bf0', '004', 2, '', '1', 'UPT Belawan', '', '', '2020-06-22 13:24:16', 'admin', '2020-11-27 09:51:16', 'belawan'),
(35, 'cilacap', '827ccb0eea8a706c4c34a16891f84e7b', '007', 2, '', '1', 'UPT Cilacap', '', '', '2020-06-22 13:46:08', 'admin', '2020-11-25 05:34:50', 'admin'),
(36, 'ambon', '827ccb0eea8a706c4c34a16891f84e7b', '012', 2, '', '1', 'UPT Ambon', '', '', '2020-06-22 18:58:30', 'admin', '2020-11-25 05:35:14', 'admin'),
(37, 'biak', '1f6a6db82d672769b8a0859e2e1d9dec', '013', 2, '', '1', 'UPT Biak', '', '', '2020-06-22 19:43:27', 'admin', '2020-12-02 20:28:45', 'biak'),
(38, 'kupang', 'd0e7b10a74477e8ae8ddc067b57daf06', '010', 2, '', '1', 'UPT Kupang', '', '', '2020-06-22 19:47:57', 'admin', '2020-11-27 09:52:18', 'kupang'),
(39, 'tarakan', '827ccb0eea8a706c4c34a16891f84e7b', '008', 2, 'xxxx', '1', 'Johanis Medea', 'xxxxx', 'xxxx', '2020-06-22 19:49:47', 'admin', '2022-02-16 09:59:12', 'admin'),
(40, 'tahuna', 'b3d48202b7a19fc43669e813673003ba', '014', 2, 'xxxxxx', '1', 'Mx Johanis', 'xxxxx', 'xxxxxx', '2020-06-22 19:59:10', 'admin', '2020-11-27 08:26:17', 'tahuna'),
(42, 'direktur', '4fbfd324f5ffcdff5dbf6f019b02eca8', '000', 5, 'ipunk918@gmail.com', '1', 'Pung Nugroho Saksono', '196904221992031002', 'IV c', '2020-07-01 08:59:30', 'admin', NULL, NULL),
(43, 'hiu02', '3b6b0562336983dbb5ffa4111409e78a', '002', 3, 'kapalpengawas.hiu002@gmail.com', '1', 'KP. HIU 02', '', '', '2020-09-07 14:44:17', 'admin', '2025-02-26 04:26:18', 'hiu02'),
(44, 'hiu03', 'e26b221f65da10ef0330e0d873037877', '005', 3, '', '1', 'KP. HIU 03', '', '', '2020-09-07 14:45:33', 'admin', NULL, NULL),
(45, 'hiu04', 'fc7b8eb0c9f18a38f644e4cb524930af', '007', 3, '', '1', 'KP. HIU 4', '', '', '2020-09-07 14:46:32', 'admin', '2021-03-03 22:22:51', 'admin'),
(46, 'hiu06', '995d58201f69b1c492c551437d8811ce', '003', 3, '', '1', 'KP. HIU 06', '', '', '2020-09-07 14:47:24', 'admin', '2021-02-13 15:38:28', 'admin'),
(47, 'hiu07', '667636b1632256c2a394be5890e0949f', '008', 3, '', '1', 'KP. HIU 07', '', '', '2020-09-07 14:48:12', 'admin', NULL, NULL),
(48, 'hiu09', '3ef6d07a9da507af17be5e63c9f77c3d', '009', 3, '', '1', 'KP. HIU 09', '', '', '2020-09-07 14:49:08', 'admin', '2020-11-28 12:26:10', 'hiu09'),
(49, 'hiu11', 'c59715ffd8280b3af6165b300ece8954', '006', 3, '', '1', 'KP. HIU 11', '', '', '2020-09-07 14:50:12', 'admin', '2020-11-27 11:14:18', 'hiu11'),
(50, 'hiu12', '32d42a9b402425d0fca597c0db558971', '001', 3, '', '1', 'KP. HIU 12', '', '', '2020-09-07 14:51:14', 'admin', '2024-01-30 12:30:54', 'hiu12'),
(51, 'hiu13', '08a218a9391f65a0708b53a2ec5bb6e7', '012', 3, '', '1', 'KP. HIU 13', '', '', '2020-09-07 14:52:39', 'admin', NULL, NULL),
(52, 'hiu14', '99e413e88cfea8b45631c76f18b5ea1e', '011', 3, '', '1', 'KP. HIU 14', '', '', '2020-09-07 14:53:38', 'admin', '2021-06-26 11:03:49', 'hiu14'),
(53, 'hiu15', 'f4e3a233fc985cccf0ea904b22f228fc', '014', 3, '', '1', 'KP. HIU 15', '', '', '2020-09-07 14:54:33', 'admin', NULL, NULL),
(54, 'macan03', '3e76792ca3d5040f5c32ba05e79e0cc8', '010', 3, '', '1', 'KP. HIU MACAN 03', '', '', '2020-09-07 14:55:49', 'admin', NULL, NULL),
(55, 'macan04', '83bf415a162f931a7cd03a14d4437666', '013', 3, '', '1', 'KP. HIU MACAN 04', '', '', '2020-09-07 14:56:51', 'admin', '2020-12-03 01:10:46', 'macan04'),
(56, 'macan05', '13f604066866e50c8b17ae37fd61aafb', '005', 3, '', '1', 'KP. HIU MACAN 05', '', '', '2020-09-07 14:57:51', 'admin', '2021-02-13 15:38:56', 'admin'),
(57, 'macan06', '6a47b9ac73df0deab1a9604e30c6fffa', '011', 3, '', '1', 'KP. HIU MACAN 06', '', '', '2020-09-07 14:58:52', 'admin', NULL, NULL),
(58, 'todak02', '2656806d8d897acec06e8b29600741ff', '008', 3, '', '1', 'KP Todak 02', '', '', '2020-11-25 14:38:57', 'admin', '2020-11-26 07:54:04', 'admin'),
(59, 'todak01', 'b660ba9cb724011c2db8f56d2cf1701d', '002', 3, '', '1', 'KP Todak 01', '', '', '2020-11-25 14:39:19', 'admin', '2020-11-26 07:54:37', 'admin'),
(60, 'padaido', '6716ca4c7a57690d32cace8e421005ed', '002', 3, '', '1', 'KP Padaido', '', '', '2020-11-26 07:33:25', 'admin', NULL, NULL),
(61, 'baracuda01', '827ccb0eea8a706c4c34a16891f84e7b', '003', 3, '', '1', 'baracuda01', '', '', '2020-11-26 09:39:05', 'admin', NULL, NULL),
(62, 'baracuda02', '827ccb0eea8a706c4c34a16891f84e7b', '003', 3, '', '1', 'baracuda02', '', '', '2020-11-26 09:39:50', 'admin', NULL, NULL),
(63, 'takalamungan', '827ccb0eea8a706c4c34a16891f84e7b', '003', 3, '', '1', 'takalamungan', '', '', '2020-11-26 09:40:22', 'admin', NULL, NULL),
(64, 'Direkturpoa', '827ccb0eea8a706c4c34a16891f84e7b', '000', 5, '', '1', 'Pung Nugroha Saksono', '', '', '2021-02-14 11:50:23', 'admin', '2021-02-19 14:35:35', 'admin'),
(65, 'itjen', '6db9573b5e3d53538d6e5c71c1605f4b', '000', 5, '', '1', 'itjen', '', '', '2021-02-18 12:11:32', 'admin', '2023-05-31 18:47:05', 'itjen'),
(66, 'hiu16', 'f3f7c0238df03ac230cdea49b8869e2d', '004', 3, '', '1', 'KP. HIU 16', '', '', '2021-03-05 13:16:37', 'admin', '2021-03-05 13:17:40', 'admin'),
(67, 'hiu17', '2471db2c760806c475c5bb506c860512', '005', 3, '', '1', 'KP. HIU 17', '', '', '2021-03-05 13:17:26', 'admin', '2023-01-16 18:41:55', 'hiu17'),
(69, 'kurang', 'ff74042dc76d78b45a07dbddb630bef7', '015', 3, '', '1', '', '', '', '2021-12-29 16:38:04', 'admin', '2021-12-30 10:03:46', 'admin'),
(70, 'Orca05', '7365ea4c683e47630fb31e074e577abf', '015', 3, 'kapalpengawas.orca05@gmail.com', '1', 'Orca 05', '', '', '2023-06-09 11:30:26', 'admin', '2023-06-15 10:03:26', 'admin'),
(71, 'Orca06', '9872ce8788de5adbc95e68471d6cf159', '015', 3, '', '1', '', '', '', '2023-10-05 14:04:16', 'admin', NULL, NULL),
(72, 'Barakuda01', '0cde2b914d2308f0f55d5a10f9d5b1d6', '015', 3, '', '1', 'Barakuda01', '', '', '2024-01-19 09:52:49', 'admin', '2024-01-19 09:56:10', 'admin'),
(74, 'Barakuda02', 'ffe09338d20f57d3bc07d227d4cb59fc', '015', 3, '', '1', 'Barakuda02', '', '', '2024-01-19 13:34:18', 'admin', NULL, NULL),
(75, 'BPK', '253b3eb9a73f84c94071e3bd466cc6d5', '000', 5, '', '1', 'BPK', '', '', '2024-03-08 14:57:28', 'admin', '2024-03-08 15:13:37', 'admin'),
(76, 'progr', '1a47733483d032038ebfc3a638da8b99', '000', 5, '', '1', 'progr', '', '', '2024-03-08 14:57:28', 'admin', '2024-03-08 15:13:37', 'admin');

-- --------------------------------------------------------

--
-- Struktur dari tabel `menus`
--

CREATE TABLE `menus` (
  `id` int(11) NOT NULL,
  `name` varchar(255) NOT NULL,
  `url` varchar(255) NOT NULL,
  `parent_id` int(11) NOT NULL DEFAULT 0,
  `status` tinyint(4) NOT NULL,
  `position` int(11) NOT NULL DEFAULT 0,
  `type` varchar(255) DEFAULT NULL
) ENGINE=InnoDB DEFAULT CHARSET=latin1 COLLATE=latin1_swedish_ci ROW_FORMAT=COMPACT;

--
-- Dumping data untuk tabel `menus`
--

INSERT INTO `menus` (`id`, `name`, `url`, `parent_id`, `status`, `position`, `type`) VALUES
(12, 'Beranda', 'home', 0, 1, 12, NULL),
(14, 'Berita', 'posts', 0, 1, 14, NULL),
(18, 'Informasi Kapal', 'kantors', 0, 1, 22, NULL),
(24, 'Sign In', 'signin', 0, 1, 18, NULL);

-- --------------------------------------------------------

--
-- Struktur dari tabel `m_kapal`
--

CREATE TABLE `m_kapal` (
  `m_kapal_id` int(11) NOT NULL,
  `nama_kapal` char(150) NOT NULL DEFAULT '',
  `code_kapal` varchar(30) DEFAULT NULL,
  `m_upt_code` varchar(10) DEFAULT NULL,
  `bobot` decimal(11,2) DEFAULT NULL,
  `panjang` decimal(11,2) DEFAULT NULL,
  `tinggi` decimal(11,2) DEFAULT NULL,
  `lebar` decimal(11,2) DEFAULT NULL,
  `main_engine` varchar(100) DEFAULT '0',
  `jml_main_engine` int(11) DEFAULT 0,
  `pk_main_engine` varchar(100) DEFAULT NULL,
  `aux_engine_utama` varchar(100) DEFAULT '0',
  `jml_aux_engine_utama` int(11) NOT NULL DEFAULT 0,
  `pk_aux_engine_utama` varchar(100) DEFAULT NULL,
  `gerak_engine` varchar(100) DEFAULT NULL,
  `aux_engine_emergency` varchar(100) DEFAULT NULL,
  `galangan_pembuat` varchar(255) DEFAULT NULL,
  `kapasitas_tangki` decimal(11,0) DEFAULT 0,
  `jml_tangki` int(11) DEFAULT 0,
  `tahun_buat` int(11) DEFAULT NULL,
  `jml_abk` int(11) DEFAULT 0,
  `nama_nakoda` varchar(50) DEFAULT NULL,
  `nip_nakoda` varchar(30) DEFAULT NULL,
  `jabatan_nakoda` varchar(30) DEFAULT NULL,
  `pangkat_nakoda` varchar(30) DEFAULT NULL,
  `golongan_nakoda` varchar(30) DEFAULT NULL,
  `gambar_kapal` varchar(150) DEFAULT NULL,
  `lampiran_kapal` varchar(100) DEFAULT NULL,
  `nama_kkm` varchar(50) DEFAULT NULL,
  `nip_kkm` varchar(30) DEFAULT NULL,
  `jabatan_kkm` varchar(30) DEFAULT NULL,
  `pangkat_kkm` varchar(30) DEFAULT NULL,
  `golongan_kkm` varchar(30) DEFAULT NULL,
  `date_insert` datetime DEFAULT NULL,
  `user_insert` varchar(30) NOT NULL DEFAULT '0',
  `date_update` datetime DEFAULT NULL,
  `user_update` varchar(30) DEFAULT NULL
) ENGINE=InnoDB DEFAULT CHARSET=latin1 COLLATE=latin1_swedish_ci ROW_FORMAT=DYNAMIC;

--
-- Dumping data untuk tabel `m_kapal`
--

INSERT INTO `m_kapal` (`m_kapal_id`, `nama_kapal`, `code_kapal`, `m_upt_code`, `bobot`, `panjang`, `tinggi`, `lebar`, `main_engine`, `jml_main_engine`, `pk_main_engine`, `aux_engine_utama`, `jml_aux_engine_utama`, `pk_aux_engine_utama`, `gerak_engine`, `aux_engine_emergency`, `galangan_pembuat`, `kapasitas_tangki`, `jml_tangki`, `tahun_buat`, `jml_abk`, `nama_nakoda`, `nip_nakoda`, `jabatan_nakoda`, `pangkat_nakoda`, `golongan_nakoda`, `gambar_kapal`, `lampiran_kapal`, `nama_kkm`, `nip_kkm`, `jabatan_kkm`, `pangkat_kkm`, `golongan_kkm`, `date_insert`, `user_insert`, `date_update`, `user_update`) VALUES
(1, 'Akar Bahar 01', 'Akar Bahar 01', '015', NULL, '14.00', NULL, '8.00', '', 0, '', '', 0, '', '', '', 'PT.Carita Boat Indonesia', '0', 0, 0, 7, 'Hasrun Paputungan, A.Md', '19790705 200502 1 001', 'Nakhoda', 'III/c', '', '5ef12d3d75483-1592864061.jpg', '', 'M. Arsyu Makin, S.PKP', '19851016 200502 1 001', 'KKM', 'III/b', NULL, NULL, '', '2021-10-19 15:53:58', 'admin'),
(2, 'Baracuda 1', 'Baracuda 1', '003', '42.00', '17.00', '2.00', '4.10', 'YANMAR 6GH-UTE', NULL, '', 'MITSUBISHI 4D 30/ DEUTZ D230', 0, '', '', '', 'PT. SARANA FIBRINDO MARINE, DADAP TANGERANG', '7000', NULL, 1999, 7, 'Wisnu Ardiansyah, S.St.Pi', '198107142010121001', 'Nahkoda ', 'III/c', '', '5ef122da988d4-1592861402.jpg', '', 'Felix Paduli, A.Md', '19791011 200604 1 004', 'KKM', 'III/b', NULL, NULL, '', '2020-06-23 04:30:02', 'admin'),
(3, 'Baracuda 2', 'Baracuda 2', '003', '42.00', '17.00', '2.00', '4.10', 'YANMAR 6GH-UTE', 0, '', 'MITSUBISHI 4D 30/ DEUTZ D230', 0, '', '', '', 'PT. SARANA FIBRINDO MARINE, DADAP TANGERANG', '7000', 0, 1999, 7, '', '', 'Nahkoda ', 'III/b', '', '5ef122f5e1844-1592861429.jpg', '', 'Marthy Arny Toemigoleng', '19790312 200604 1 002', 'KKM', 'III/b', NULL, NULL, '', '2021-10-19 10:08:33', 'admin'),
(4, 'Hiu 01', 'Hiu 01', '004', '87.00', '28.60', '3.30', '5.45', '2 x 770HP VOLVO PENTA 163 P', 0, '', '2 x Perkins 3.152S 33 KVa', 0, '', '', '', 'PT. Palindo, Tanjung Pinang', '7000', 0, 2001, 13, 'Fauzi Nyinga Mura, A.Md', '19810916 200502 1 001', 'Nahkoda ', 'III/c', '', '5ef12d7576079-1592864117.jpg', '', 'Alfian Rio Susanto, S.ST.Pi', '19881214 201503 1 002', 'KKM', 'III/c', NULL, NULL, '', '2024-05-09 18:41:00', 'admin'),
(5, 'Hiu 02', 'Hiu 02', '002', '103.00', '25.60', '3.30', '5.40', '2 x 770 HP Volvo Penta TAMD 163P', NULL, '', '2 x 24 HP Cat  C 2.2', 0, '', '', '', 'PT.Binamina Karya Perkasa', '7000', NULL, 2001, 14, 'Mukani, A.Md, S.Tr.Pi', '19820416 200604 1 004', 'Nahkoda ', 'III/b', '', '5eebfd9bc0134-1592524187.jpg', '', 'Ronaldi Said, A.Md', ' 19800705 200502 1 002', 'KKM', 'III/c', NULL, NULL, '', '2021-10-19 10:04:30', 'admin'),
(6, 'Hiu 03', 'Hiu 03', '005', '95.00', '27.00', '3.00', '5.00', 'Volvo Penta / TAMD 165P 2x770 HP', NULL, '', 'Perkins / 3.152 S, 24 HP', 0, '', '', '', 'PT. Palindo, Tanjung Pinang', NULL, NULL, 2002, 11, 'Yohanes Lan Tielung, A.Md', '19830718 200604 1 002', 'Nahkoda ', 'III/b', '', '5ef12db119bfc-1592864177.jpg', '', 'Edison Vallen W', '19830501 200312 1 001', 'KKM', 'II/d', NULL, NULL, '', '2021-10-19 10:11:16', 'admin'),
(7, 'Hiu 04', 'Hiu 04', '007', '88.00', '26.00', '3.00', '5.00', 'Volvo Penta  TAMD 165P 2x770 HP', 0, '', 'Perkins 3.152 S 24 HP', 0, '', '', '', 'PT.Fibrite Fiber Glass', '0', 0, 2002, 12, 'Rasdianto, S.Pi ', '19670220 199403 1 004', 'Nahkoda ', 'III/d', '', '5ef12ddf93e5b-1592864223.jpg', '', 'Roy Stevanus Supit, A.Md', '19800323 200502 1 002', 'KKM', 'III/b', NULL, NULL, '', '2021-01-20 11:09:05', 'admin'),
(8, 'Hiu 05', 'Hiu 05', '002', '88.00', '23.00', '3.00', '5.00', 'Volvo Penta  TAMD 165P 2x770 HP', NULL, '', 'Perkins  3.152 S 24 HP', 0, '', '', '', 'PT. Young Marine  Jakarta', NULL, NULL, 2002, 10, 'Hendra Wollah', '19790207 200212 1 001', 'Nahkoda', 'III/C', '', '5ef12e07ca555-1592864263.jpg', '', 'Arfian Iroth, A.Md', '19790425 200502 1 003', 'KKM', 'III/b', NULL, NULL, '', '2020-12-18 13:26:31', 'admin'),
(9, 'Hiu 06', 'Hiu 06', '003', '95.00', '27.00', '3.00', '5.00', 'Volvo Penta / TAMD 165P 2x770 HP', 2, '770', 'Perkins / 3.152 S 2 x14', 2, '', '', '', 'PT. Sarana Fibrindo Jakarta', NULL, NULL, 2003, 10, 'Fauzi Nyinga Mura, A.Md ', '19810916 200502 1 001', 'Nahkoda ', 'III/b', '', '5ef136a38db21-1592866467.jpg', '', 'Ronaldi Said, A.Md', '19800705 200502 1 002', 'KKM', 'III/b', NULL, NULL, '', '2021-01-20 11:09:17', 'admin'),
(10, 'Hiu 07', 'Hiu 07', '008', '111.00', NULL, NULL, NULL, '2 x Volvo Penta 165 P 2x750 HP', NULL, '', '2 x Perkins 3.152S 33 KVa', 0, '', '', '', 'PT. Sarana Fibrindo Jakarta', '7000', NULL, 2003, 13, 'Jendri Erwin Mamahit, S.St.Pi ', '19790103 201012 1 002', 'Nahkoda', 'III/c', '', '5ef131e11add1-1592865249.jpg', '5eec3ed1209ee-1592540881.pdf', 'Audy W Mamangkey, S.PKP', '19800828 200502 1 001', 'KKM', 'III/b', NULL, NULL, '', '2020-12-18 13:35:10', 'admin'),
(11, 'Hiu 08', 'Hiu 08', '004', '95.00', '24.00', '3.00', '5.00', 'Volvo Penta  TAMD 165P 2x770 HP', 0, '', 'Perkins 3.152 S 24 HP', 0, '', '', '', 'PT.Sarana Fibrindo Jakarta', '0', 0, 2003, 10, 'Susanto Manggopa, A.Md, S.P', '19831008 200604 1 003', 'Nahkoda', 'III/c', '', '5ef135ca987a1-1592866250.jpg', '', 'Jensson, S.St.Pi', '19871111 201403 1 001', 'KKM', 'III/c', NULL, NULL, '', '2024-02-23 18:23:38', 'admin'),
(12, 'Hiu 09', 'Hiu 09', '009', '108.00', '26.00', '3.00', '5.00', 'Volvo Penta TAMD 165P IBM 2x750 HP', 0, '', 'Kohler/23 EFOZD ', 0, '', '', '', 'PT.Krida Kreasi Tirtasarana', '8900', 0, 2006, 13, 'Anggoro Corneawan P, A.Md', '19811013 200502 1 002', 'Nahkoda', 'III/b', '', '5ef12fc857b74-1592864712.jpg', '', 'Donny Adrianus Sulu, A.Md', '19801224 200502 1 001', 'KKM', 'III/b', NULL, NULL, '', '2020-12-18 13:50:26', 'admin'),
(13, 'Hiu 10', 'Hiu 10', '003', '108.00', '26.00', '3.00', '5.00', 'Volvo Penta / TAMD 165P 2x770 HP ', NULL, '', 'Kohler/23 EFOZD 2x10', 0, '', '', '', 'PT.Krida Kreasi Tirtasarana', NULL, NULL, 2006, 10, 'Jently Martino Rembet, A.Md', '19830119 200502 1 001', 'Nahkoda ', 'III/c', '', '5ef12fadda090-1592864685.jpg', '', 'Hamzah Hilal Fakaubun, A.Md', '19820914 200502 1 001', 'KKM', 'III/b', NULL, NULL, '', '2021-10-19 10:08:14', 'admin'),
(14, 'Hiu 11', 'Hiu 11', '006', '123.00', '28.00', '3.00', '6.00', 'Volvo Penta  D16MH 3x750 HP', 0, '', 'Perkins 4.4TGM UCM224G 67.56HP', 0, '', '', '', 'PT.Palindo Marine Shipyard Batam', '0', 0, 2013, 10, 'Mohamad Slamet, S.H ', '19830603 200312 1 001', 'nahkoda', 'III/b', '', '5ef130081364c-1592864776.jpg', '', 'Lucky Michael Najoan, A.Md', '19810918 200502 1 003', 'KKM', 'III/b', NULL, NULL, '', '2020-12-18 13:51:37', 'admin'),
(15, 'Hiu 12', 'Hiu 12', '001', '153.00', '29.00', '3.00', '6.00', 'MAN D2842 LE 410 2x1100 HP', NULL, '', 'Perkins 1104c-44TG 56.4 HP', 0, '', '', '', 'PT.Palindo Marine Shipyard Batam', NULL, NULL, 2015, 15, 'Novry Sangian, A.Md ', '19771114 200312 1 002', 'Nakhoda', 'III/c', '', '5ef1307223a3f-1592864882.jpg', '', 'Vendy Reygant Rei, S.P', '19830219 200604 1 003', 'KKM', 'III/b', NULL, NULL, '', '2020-12-21 13:32:34', 'admin'),
(16, 'Hiu 13', 'Hiu 13', '012', '153.00', '29.00', '3.00', '6.00', 'MAN D2842 LE410 2x1100 HP', NULL, '', 'PErkins 1104C-44TG 56.4 HP', 0, '', '', '', 'PT.Palindo Marine ShipYard Batam', NULL, NULL, 2015, 12, 'La Dedi, S.H ', '19781231 200212 1 004', 'nahkoda', 'III/b', '', '5ef1309b2c081-1592864923.jpg', '', 'Hendra Pakaya, A.Md', '19800329 200212 1 002', 'KKM', 'III/b', NULL, NULL, '', '2020-12-18 13:31:57', 'admin'),
(17, 'Hiu 14', 'Hiu 14', '011', '153.00', '29.00', '3.00', '6.00', '2 x MAN D2842 LE410 1100 HP', NULL, '', 'Perkins 1104C-44TG 56.4 HP', 0, '', '', '', 'PT. Palindo Marine ShipYard Batam', NULL, NULL, 2015, 15, 'Eko M. P. Tangkawarouw, A.Md ', '19801028 200502 1 001', 'Nahkoda', 'III/b', '', '5ef130bccfd59-1592864956.jpg', '', 'Satrio Hari Prambodo, S.P', '19810801 200502 1 001', 'KKM', 'III/b', NULL, NULL, '', '2020-12-18 13:30:35', 'admin'),
(18, 'Hiu 15', 'Hiu 15', '014', '153.00', '32.00', '3.00', '6.00', 'MAN D282 LE 410 2x1100 HP', NULL, '', 'Perkins 1104C-44TG, 56.4 HP', 0, '', '', '', 'PT.Palindo Marine ShipYard Batam', '15000', NULL, 2015, 15, 'Ardiansyah Pamuji, A.Md', '19831031 200502 1 001', 'Nahkoda', 'III/c', '', '5ef130dc2e68b-1592864988.jpg', '', 'Novein E. Brando Repi, A.Md', '19791128 200502 1 001', 'KKM', 'III/b', NULL, NULL, '', '2021-10-19 15:57:18', 'admin'),
(19, 'Hiu Macan 01', 'Hiu Macan 01', '006', '179.00', '33.00', '3.00', '7.00', 'MAN/D 2842 LE 410  3x1100 HP', 0, '', 'Perkins / AB 37590 2x1', 0, '', '', '', 'PT.Fibrite Fiber Glass', '0', 0, 2004, 20, 'SAMSON, A.Md', '196904121992031003', 'Nakhoda', 'III/c', '', '5ef131b6e085a-1592865206.jpg', '', 'Warso, SH', '19800308 200212 1 001', 'KKM', 'III/b', NULL, NULL, '', '2020-12-18 13:55:06', 'admin'),
(20, 'Hiu Macan 02', 'Hiu Macan 02', '009', '179.00', '33.00', '3.00', '7.00', 'MAN D 2842 LE 410 3X1100', NULL, '', 'Perkins / AB 37590 2x', 0, '', '', '', 'PT.Fibrite Fiber Glass', NULL, NULL, 2004, 20, '', '', '', '', '', '5ef1314031163-1592865088.jpg', '', '', '', '', '', NULL, NULL, '', '2020-12-18 13:57:57', 'admin'),
(21, 'Hiu Macan 03', 'Hiu Macan 03', '010', '206.00', '32.00', '4.00', '7.00', 'Caterpillar 3X1100', NULL, '', 'Deutz 2X10 DEUTZ /CCF J50J', 0, '', '', '', 'PT.Pahala Harapan Lestari', NULL, NULL, 2006, 19, 'Jonly Jacob, A.Md, S.Tr.Pi', '19800727 200312 1 001', 'Nahkoda ', 'III/d', '', '5ef1318b974ce-1592865163.jpg', '', 'Hendra Pakaya, A.Md, S.Tr.Pi', '19800329 200212 1 002', 'KKM', 'III/d', NULL, NULL, '', '2024-06-20 22:34:49', 'admin'),
(22, 'Hiu Macan 04', 'Hiu Macan 04', '013', '206.00', '32.00', '4.00', '7.00', 'Caterpillar  3412 E 3x1100 HP', 0, '', 'Caterpillar  C 4.4 56.97 HP', 0, '', '', '', 'PT.Pahala Harapan Lestari', '0', 0, 2006, 16, 'Frederik Marpaung, SH', '19820412 200312 1 003', 'Nakhoda ', 'III/b', '', '5ef1321b7893c-1592865307.jpg', '', 'Charles Audi Katili, A.Md', '19770427 200212 1 004', 'KKM', 'III/c', NULL, NULL, '', '2020-12-18 14:00:45', 'admin'),
(23, 'Hiu Macan 05', 'Hiu Macan 05', '005', '253.00', '32.00', '4.00', '7.00', 'MTU/16V2000M91 2x2000 ', 0, '', 'Perkins 6 TG 2AM 2x100', 0, '', '', '', 'PT. Dumas Perak ShipYard', '0', 0, 2007, 18, 'Lathalansyah Hade, A.Md, S.P ', '19780308 200312 1 002', 'Nahkoda ', 'III/c', '', '5ef132511ac92-1592865361.jpg', '', 'Ardhian Arie Wibowo, A.Md, S.E', '19820129 200312 1 001', 'KKM', 'III/c', NULL, NULL, '', '2021-01-20 11:08:29', 'admin'),
(24, 'Hiu Macan 06', 'Hiu Macan 06', '011', NULL, NULL, NULL, NULL, '', NULL, '', '', 0, '', '', '', '', NULL, NULL, NULL, NULL, 'Fredo Maelissa, A.Pi', '19660518 198903 1 003', 'Nahkoda ', 'III/c', '', '5ef132f57d02e-1592865525.jpg', '', 'Angga Jafar Akasah, A.Md', '19800725 200502 1 001', 'KKM', 'III/b', NULL, NULL, '', '2020-12-18 14:02:46', 'admin'),
(25, 'Hiu Macan Tutul 01', 'Hiu Macan Tutul 01', '015', NULL, NULL, NULL, NULL, '', NULL, '', '', 0, '', '', '', '', NULL, NULL, NULL, NULL, 'Jonly Jacob, A.Md', '19800727 200312 1 001', 'Nakhoda', 'III/c', '', '5ef13317a1503-1592865559.jpg', '', 'Jakob T E Bothmir, ST', '19820624 200312 1 001', 'KKM', 'III/c', NULL, NULL, '', '2020-12-18 14:04:12', 'admin'),
(26, 'Hiu Macan Tutul 02', 'Hiu Macan Tutul 02', '015', NULL, NULL, NULL, NULL, '', NULL, '', '', 0, '', '', '', '', NULL, NULL, NULL, NULL, 'Ilman Rustam, S.St.Pi', '19840605 200701 1 002', 'Nakhoda', 'III/d', '', '5ef1336249f0e-1592865634.jpg', '', 'Ali Imran, S.St.Pi', '19760708 200811 1 001', 'KKM', 'III/c', NULL, NULL, '', '2020-12-18 14:05:43', 'admin'),
(27, 'Orca 01', 'Orca 01', '015', NULL, NULL, NULL, NULL, 'MTU', NULL, '', 'CAT 9', 0, '', '', '', 'PT.Daya Radar Utama Jakarta', NULL, NULL, 2015, 24, 'Priyo Kurniawan, A.Md ', '19811017 200312 1 002', 'Nakhoda', 'III/c', '', '5ef13387423c2-1592865671.jpg', '', 'Obrin V. Pungus, A.Md ', '19790304 200312 1 005', 'KKM', 'III/c', NULL, NULL, '', '2020-12-18 14:07:02', 'admin'),
(28, 'Orca 02', 'Orca 02', '015', NULL, NULL, NULL, NULL, 'MTU', NULL, '', 'CAT 9', 0, '', '', '', 'PT. Daya Radar Utama Jakarta', NULL, NULL, 2015, NULL, 'Sutisna Wijaya, S.St.Pi, M.Pi', '19790401 200604 1 003', 'Nahkoda', 'III/d', '', '5ef133de94d22-1592865758.jpg', '', 'Nanang Agus Suyanto, A.Md', '19790914 200312 1 002', 'KKM', 'III/c', NULL, NULL, '', '2021-03-31 10:06:47', 'admin'),
(29, 'Orca 03', 'Orca 03', '015', NULL, NULL, NULL, NULL, 'MTU', 0, '', 'CAT 9', 0, '', '', '', 'PT.Daya Radar Utama Jakarta', '0', 0, 2015, 0, 'Muhammad Maruf, S.St.Pi ', '19810825 200604 1 001', 'Nahkoda KP ORCA 03', 'III/d', '', '5ef133c4c68a6-1592865732.jpg', '', 'Anggoro Sutrisno, S.St.Pi', '19810806 200701 1 001', 'KKM KP ORCA 03', 'III/d', NULL, NULL, '', '2024-01-19 16:18:45', 'admin'),
(30, 'Orca 04', 'Orca 04', '015', NULL, NULL, NULL, NULL, 'MTU', 0, '', 'CAT 9', 0, '', '', '', 'PT.Daya Radar Utama Jakarta', '0', 0, 2015, 0, 'Eko Priyono, S.St.Pi ', '19800713 200312 1 001', 'Nahkoda ', 'III/d', '', '5ef133facbc24-1592865786.png', '', 'Tommy Lala, S.AB', '19790110 200212 1 002', 'KKM', 'III/c', NULL, NULL, '', '2020-12-18 14:09:02', 'admin'),
(31, 'Padaido', 'Padaido', '002', NULL, '23.00', NULL, '6.00', '', NULL, '', '', 0, '', '', '', 'PT. Daya Radar Utama', NULL, NULL, 2002, NULL, 'Hendro Andaria, A.Md', '197901042005021002', 'Nahkoda', 'III/b', '', '5ef13416c8300-1592865814.jpg', '', 'Fahri Mokodongan, A. Md', '19840926 200604 1 004', 'KKM', 'III/b', NULL, NULL, '', '2020-06-23 05:43:34', 'admin'),
(32, 'Paus 01', 'Paus 01', '015', NULL, NULL, NULL, NULL, '', 0, '', '', 0, '', '', '', '', '0', 0, 0, 0, 'Ismail Marzuki, S.PKP', '19830120 200312 1 003', 'Nakhoda ', 'III/c', '', '5ef1343f1f9f8-1592865855.jpg', '', 'Gabriel Gerald Malonda, A.Md', '19800819 200502 1 003', 'KKM', 'III/b', NULL, NULL, '', '2021-10-19 16:00:19', 'admin'),
(33, 'Takalamungan', 'Takalamungan', '003', NULL, NULL, NULL, NULL, '', 0, '', '', 0, '', '', '', 'Tg.Priok (ex.cormap)', '0', 0, 2000, 9, '', '', 'Nahkoda', 'III/b', '', '5ef1345a603ad-1592865882.jpg', '', 'Hendra Pakaya, A. Md', '19800329 200212 1 002', 'KKM', 'III/c', NULL, NULL, '', '2021-10-19 15:50:59', 'admin'),
(34, 'TODAK 01', 'TODAK 01', '002', NULL, '18.00', NULL, NULL, 'Volvo Penta 400 HP', 0, '', 'Perkins CM51027', 0, '', '', '', '', '6000', 0, 2003, 8, '', '', 'Nahkoda', 'III/b', '', '5ef1348b08b2e-1592865931.jpg', '', 'Audy W Mamangkey, A.Md', '19800828 200502 1 001', 'KKM I', 'II/b', NULL, NULL, '', '2021-10-19 10:11:36', 'admin'),
(35, 'TODAK 02', 'TODAK 02', '008', NULL, '18.00', NULL, NULL, 'VOLVO PENTA 400 HP', NULL, '', 'PERKINS CM51027', 0, '', '', '', '', '6000', NULL, 2003, 8, 'Iswandi Wahid, A.Md', '197810102003121004', 'Nahkoda', 'III/b', '', '5ef134a06898f-1592865952.jpg', '', 'La Ucu, S.S. Tr.Pi', '19810206 200604 1 004', 'KKM I', 'III/a', NULL, NULL, '', '2020-06-23 05:45:52', 'admin'),
(36, 'HIU 16', 'HIU 16', '004', '155.00', '31.83', '3.00', '5.85', '1650', 2, '3300', '55', 2, '110', 'MAN', 'PERKINS', 'PT. Palindo Marine Shipyard Batam', '16800', NULL, 2020, 13, 'Lingga Budi Kusuma, S.St.Pi', '19860126 201012 1 003', 'PENATA', 'III/c', NULL, '', '', 'La Ucu, A.Md, S.Tr.Pi', '19810206 200604 1 004', 'PENATA MUDA TK I', 'III/b', NULL, '2021-03-05 10:40:23', 'admin', '2021-03-05 10:42:00', 'admin'),
(37, 'HIU 17', 'HIU 17', '005', '155.00', '31.83', '3.00', '5.85', '1650', 2, '3300', '55', 2, '110', 'MAN', 'PERKINS', 'PT. Palindo Marine Shipyard Batam', '16800', NULL, 2020, 13, 'Aldi Firmansyah, S.St.Pi', '19870630 200912 1 001', 'PENATA', 'III/c', NULL, '6041ac8d688a5-1614916749.png', '', 'Abdul Muin, A.Md, S.Tr.Pi', '19830101 200502 1 002', 'PENATA MUDA TK I', 'III/b', NULL, '2021-03-05 10:53:36', 'admin', '2021-03-05 10:59:09', 'admin'),
(39, 'Kurang Bayar Tagihan', 'Kurang Bayar Tagihan', '015', '0.00', '0.00', '0.00', '0.00', '', 0, '', '', 0, '', '', '', '', '0', 0, 0, 0, '', '', '', '', NULL, '', '', '', '', '', '', NULL, '2021-12-29 16:37:32', 'admin', NULL, NULL),
(40, 'Orca 05', 'Orca 05', '015', '741.00', '63.37', '5.59', '9.60', 'Niigata 6MG28HX', 2, '4000', '', 0, '', '', '', 'Jepang', '242', 7, 1993, 0, 'Sutisna Wijaya, S.St.Pi, M.Pi', '19790401 200604 1 003', 'Nakhoda KP.Orca 05', 'Pembina/IV/a', NULL, '', '', 'Anggoro Sutrisno, S.St.Pi', '19810806 200701 1 001', 'KKM KP. Orca 05', 'Penata Tk.I/III/d', NULL, '2023-06-15 09:36:07', 'admin', '2023-06-15 15:48:33', 'admin'),
(41, 'Orca 06', 'Orca 06', '015', '741.00', '63.35', '5.59', '9.60', 'Niigata 6MG28HX', 2, '4000', '', 0, '', '', '', 'Jepang', '251000', 7, 1993, 0, 'Eko Priyono, S.St.Pi', '19800713 200312 1 001', 'Nakhoda KP. Orca 06', 'Penata Tk.I, III/d', NULL, '', '', 'Angga Jafar Akasah, A.Md, S.T', '19800725 200502 1 001', 'KKM KP. Orca 06', 'Penata, III/c', NULL, '2023-10-05 13:50:56', 'admin', '2023-10-18 15:41:23', 'admin'),
(42, 'Barakuda 01', '5001', '015', NULL, '50.00', '7.80', '4.70', 'MAN', 2, '4000', 'Volvo Penta', 2, '', 'MAN', 'Volvo Penta', 'PT. PALINDO MARINE BATAM', '70000', NULL, 2023, 22, 'Samson, A.Md', '19690412 199203 1 003', 'Nakhoda KP. Barakuda 01', 'Penata Tk.I, III/d', NULL, '65a9e966e3996-1705634150.jpg', '', 'Warso. S.H', '19800308 200212 1 001', 'KKM KP. Barakuda 01', 'Penata, III/c', NULL, '2024-01-19 10:15:12', 'admin', '2024-01-19 11:52:06', 'admin'),
(43, 'Barakuda 02', '5002', '015', NULL, NULL, NULL, NULL, '', NULL, '', '', 0, '', '', '', 'PT PALINDO MARINE BATAM', NULL, NULL, 2023, 22, 'Lathalansyah Hade, A.Md, S.P', '19780308 200312 1 002', 'Nakhoda KP Barakuda 02', 'Penata/III/c', NULL, '', '', 'Abdul Muin, A.Md, S.Tr.Pi', '19830101 200502 1 002', 'KKM KP Barakuda 02', 'Penata/III/c', NULL, '2024-01-19 13:36:11', 'admin', '2024-01-19 16:22:13', 'admin');

-- --------------------------------------------------------

--
-- Struktur dari tabel `m_persetujuan`
--

CREATE TABLE `m_persetujuan` (
  `id` int(11) NOT NULL,
  `deskripsi_persetujuan` varchar(100) DEFAULT NULL
) ENGINE=InnoDB DEFAULT CHARSET=utf8mb4 COLLATE=utf8mb4_general_ci ROW_FORMAT=DYNAMIC;

--
-- Dumping data untuk tabel `m_persetujuan`
--

INSERT INTO `m_persetujuan` (`id`, `deskripsi_persetujuan`) VALUES
(1, 'Direktur POA'),
(2, 'Kepala Pangkalan PSDKP'),
(3, 'Kepala Stasiun PSDKP');

-- --------------------------------------------------------

--
-- Struktur dari tabel `m_upt`
--

CREATE TABLE `m_upt` (
  `m_upt_id` int(11) NOT NULL,
  `nama` varchar(255) DEFAULT NULL,
  `code` varchar(10) DEFAULT NULL,
  `alamat1` varchar(255) DEFAULT NULL,
  `alamat2` varchar(255) DEFAULT NULL,
  `alamat3` varchar(200) DEFAULT NULL,
  `kota` varchar(100) DEFAULT NULL,
  `zona_waktu_upt` enum('WIB','WITA','WIT') NOT NULL DEFAULT 'WIB',
  `nama_petugas` varchar(50) DEFAULT NULL,
  `nip_petugas` varchar(50) DEFAULT NULL,
  `jabatan_petugas` varchar(50) DEFAULT NULL,
  `pangkat_petugas` varchar(30) DEFAULT NULL,
  `date_insert` datetime DEFAULT NULL,
  `user_insert` varchar(30) DEFAULT NULL,
  `date_update` datetime DEFAULT NULL,
  `user_update` varchar(30) DEFAULT NULL
) ENGINE=InnoDB DEFAULT CHARSET=latin1 COLLATE=latin1_swedish_ci ROW_FORMAT=COMPACT;

--
-- Dumping data untuk tabel `m_upt`
--

INSERT INTO `m_upt` (`m_upt_id`, `nama`, `code`, `alamat1`, `alamat2`, `alamat3`, `kota`, `zona_waktu_upt`, `nama_petugas`, `nip_petugas`, `jabatan_petugas`, `pangkat_petugas`, `date_insert`, `user_insert`, `date_update`, `user_update`) VALUES
(1, 'Kantor Pusat PSDKP', '000', 'Jalan Medan Merdeka Timur No. 16 Gedung Mina Bahari IV Lt 12 Jakarta Pusat 10110', 'Kotak Pos 4130 JKP Telepon (021) 3519070 (Hunting) Faksimil (021) 3520346', 'Website : www.djpsdkp.kkp.go.id E-mail : ditjenpsdkp@kkp.go.id', 'JAKARTA', 'WIB', 'Ir Suharta M.Si', '196510221994031001', 'Direktur Pemantauan dan Operas', '-', NULL, NULL, '2020-06-19 07:11:39', 'admin'),
(2, 'PANGKALAN PSDKP LAMPULO', '001', 'Jalan Indra Budiman No. 12 Lampulo Banda Aceh 23127', 'Telepon (0651) 6303980 Fax (0651) 6303149', 'Website : www.djpsdkp.kkp.go.id E-mail : psdkp.lampulo@kkp.go.id', 'Banda Aceh', 'WIB', 'Basri, A.Pi, M.Si', '19750713 199803 1 003', 'Kepala Pangkalan PSDKP Lampulo', '', NULL, NULL, '2020-12-18 13:04:24', 'admin'),
(3, 'PANGKALAN PSDKP BITUNG', '002', 'Jl Tandurusa Naemundung Kel Aertembaga dua Kec Aertembaga Kota Bitung - Sulawesi Utara', 'Telp. (0438) 2239156  Fax (0438) 36797', 'Website www.djpsdkp.kkp.go.id Email ', 'Bitung', 'WIB', 'Donny Muhamad Faisal', '', 'Kepala Pangkalan PSDKP Bitung', '', NULL, NULL, '2025-02-24 06:51:53', 'admin'),
(4, 'PANGKALAN PSDKP JAKARTA', '003', 'Jl Muara Baru Ujung Jakarta 14440', 'Telepon (021) 6614712 FaKSIMILI (021) 6614712', 'Website www.djpsdkp.kkp.go.id Email psdkp.jakarta@kkp.go.id', 'Jakarta', 'WIB', 'Suwono Darwinto, A.Pi, S.Pi, M.H', '', 'Kepala Pangkalan PSDKP Jakarta', '', NULL, NULL, '2020-12-18 13:05:14', 'admin'),
(5, 'STASIUN PSDKP BELAWAN', '004', 'Jl. Gabion Belawan - Medan Sumatera Utara 20414', 'Telp (061) 6943047 Fax. (061) 6943134', 'Website www.djpsdkp.kkp.go.id  Email psdkpbelawan@yahoo.co.id', 'Medan', 'WIB', 'Adhi Kurniadi, S.St.Pi', '19860712 200901 1 003', 'Ketua Tim Kerja Prasarana,Sarana dan Operasi Kapal', '', NULL, NULL, '2024-07-18 21:02:21', 'admin'),
(6, 'PANGKALAN PSDKP BATAM', '005', 'Jl. Trans Barelang Jembatan II Pulau Nipah Kel. Setokok Kec. Bulang Batam Kep. Riau', 'Telp (0778) 4091708', 'Website : www.djpsdkp.kkp.go.id Email : psdkp.batam@kkp.go.id', 'Batam', 'WIB', 'Sentanu Bekti Sejati Faathirulloh', '19960105 201801 1 002', 'Staff Pangkalan PSDKP Batam', '', NULL, NULL, '2020-11-26 22:02:49', 'admin'),
(7, 'STASIUN PSDKP PONTIANAK', '006', 'Jl. Dr Moh Hatta Desa Sungai Rengas Kec Sungai Kakap Kab. Kuburaya, KalBar 78381', 'Telp (0561) 773321 Fax (0561) 773321', 'Website www.djpsdkp.kkp.go.id Email psdkp.pontianak@kkp.go.id', 'Pontianak', 'WIB', 'Erik Sostenas S.St.Pi, M.Si', '19850316 200701 1 006', 'Kepala Pangkalan PSDKP Pontian', '', NULL, NULL, '2020-12-18 13:06:04', 'admin'),
(8, 'STASIUN PSDKP CILACAP', '007', 'Jl. Bima No. 104 A Kel. Kebon Manis Kec, Cilacap Utara Kab. Cilacap Jawa Tengah 53235', 'Telp. (0282) 5565152 Fax (0282) 5565152', 'Website www.djpsdkp.kkp.go.id Email psdkp.cilacap@kkp.go.id', 'Cilacap', 'WIB', 'Moh Nuh Hudawi S.Pi', '19791219 200912 1 001', 'Kepala Stasiun PSDKP Cilacap', '', NULL, NULL, '2020-12-18 13:06:33', 'admin'),
(9, 'STASIUN PSDKP TARAKAN', '008', 'Jl. Aki Balak Kel Karang Harapan Kec. Tarakan Barat Kota Tarakan 77111', 'Telp. (0551) 3826321 Fax (0551) 3826321', 'Website www.djpsdkp.kkp.go.id Email psdkp.tarakan@kkp.go.id', 'Tarakan', 'WIB', 'Akhmadon', '', 'Kepala Pangkalan PSDKP Tarakan', '', NULL, NULL, '2020-12-18 13:06:55', 'admin'),
(10, 'PANGKALAN PSDKP BENOA', '009', 'Jl. Raya Pelabuhan Umum Benoa Denpasar Selatan Bali 80223', 'Telp. (0361) 4480308 Fax (0361) 4480308 ', 'Website www.djpsdkp.kkp.go.id Email psdkp.benoa@kkp.go.id', 'Denpasar', 'WITA', 'Ndaru Ismiarto, S.IP, M.M', '', 'Kepala Pangkalan PSDKP Benoa', '', NULL, NULL, '2020-12-18 13:07:17', 'admin'),
(11, 'STASIUN PSDKP KUPANG', '010', 'Jl. Yos Sudarso Jurusan Bolok Kel. Alak Kec. Alak Kupang NTT 85231', 'Telp. (0380) 890456  Fax. (0380) 890456', 'Website www.djpsdkp.kkp.go.id Email psdkp.kupang@kkp.go.id', 'Kupang', 'WITA', 'Rihat Hutahayan, A.Md.Pi', '19890727 201801 1 003', 'Staf Stasiun PSDKP Kupang', '', NULL, NULL, '2024-03-21 21:06:17', 'admin'),
(12, 'PANGKALAN PSDKP TUAL', '011', 'Jalan Bukit Dumar Nomor 1 Komplek PPN Tual - Kota Tual 97651', 'Telepon (0916) 21606, Faksimile (0916) 21696', 'Website www.djpsdkp.kkp.go.id Email psdkp.tual@kkp.go.id', 'Tual', 'WIB', '', '', '', '', NULL, NULL, '2020-12-18 13:07:59', 'admin'),
(13, 'STASIUN PSDKP AMBON', '012', 'Jl. Sultan Hasanudin Kmp. Pelabuhan Perikanan Nusantara Ambon 97128 ', 'Telepon (0911) 351783 Fax. (0911) 351781', 'Website www.djpsdkp.kkp.go.id Email psdkp.ambon@kkp.go.id', 'Ambon', 'WIT', 'Hariym Raya Maharohakti', '', 'Kepala Pangkalan PSDKP Ambon', '', NULL, NULL, '2020-12-18 13:08:19', 'admin'),
(14, 'STASIUN PSDKP BIAK', '013', 'Jl. Adibai Km. 6,5 Sumberker Distrik Samofa Kab. Biak Numfor Papua 98156', 'Telp. (0981) 8211818', 'Website www.djpsdkp.kkp.go.id Email psdkp.biak@kkp.go.id', 'Biak Numfor', 'WIT', 'Edi Purnomo, S.St.Pi, M.Si', '19840622 200901 1 004', 'Kepala Stasiun PSDKP Biak', '', NULL, NULL, '2020-12-18 13:08:39', 'admin'),
(15, 'STASIUN PSDKP TAHUNA', '014', 'Jl Boulevard Tahuna Kec Tahuna Timur Kab. Kepulauan Sangihe 95814', 'Telepon (0432) 24425', 'Website : www.djpsdkp.kkp.go.id Email : psdkp.tahuna@kkp.go.id', '', 'WITA', 'Amiruddin, A.Md', '19800820 200312 1 004', 'Staf Sarpras Pangkalan PSDKP Bitung', '', NULL, NULL, '2020-12-18 13:09:03', 'admin'),
(16, 'DIREKTORAT PENGENDALIAN OPERASI ARMADA', '015', 'Jalan Medan Merdeka Timur No. 16 Gedung Mina Bahari IV Lt 12 Jakarta Pusat 10110', 'Kotak Pos 4130 JKP Telepon (021) 3519070 (Hunting) Faksimil (021) 3520346', 'Website : www.djpsdkp.kkp.go.id E-mail : ditjenpsdkp@kkp.go.id', 'Jakarta', 'WIB', '', '', 'Staf Pangkalan', '', NULL, NULL, '2024-03-15 14:05:22', 'admin');

-- --------------------------------------------------------

--
-- Struktur dari tabel `port_news`
--

CREATE TABLE `port_news` (
  `id` int(11) NOT NULL,
  `img` varchar(255) DEFAULT NULL,
  `news_title` varchar(255) DEFAULT NULL,
  `news` blob DEFAULT NULL,
  `kategori_id` enum('1','2','3','4','5','6') DEFAULT '1',
  `author` varchar(255) DEFAULT NULL,
  `date_create` datetime DEFAULT NULL,
  `post` enum('0','1') DEFAULT '1'
) ENGINE=InnoDB DEFAULT CHARSET=utf8mb4 COLLATE=utf8mb4_general_ci ROW_FORMAT=COMPACT;

--
-- Dumping data untuk tabel `port_news`
--

INSERT INTO `port_news` (`id`, `img`, `news_title`, `news`, `kategori_id`, `author`, `date_create`, `post`) VALUES
(10, '5eec0604b1c42-1592526340.jpg', 'GENCAR BERANTAS DESTRUCTIVE FISHING, INI INOVASI KAPAL PENGAWAS PERIKANAN', 0x3c703e4b656d656e74657269616e204b656c617574616e2064616e20506572696b616e616e20284b4b5029206d656c616c756920446972656b746f726174204a656e646572616c2050656e6761776173616e2053756d6265722044617961204b656c617574616e2064616e20506572696b616e616e20285053444b50292074756e6a756b616e207570617961206d616b73696d616c2064616c616d2070656e6365676168616e2064616e2070656d626572616e746173616e206b6567696174616e2070656e616e676b6170616e20696b616e2079616e67206d65727573616b202864657374727563746976652066697368696e67292064656e67616e206d656c616b756b616e2073656a756d6c616820696e6f76617369206d756c61692064617269206d656e79616d6172206d656e6a616469206e656c6179616e2073616d706169206a6164696b616e204b6170616c2050656e676177617320506572696b616e616e2073656261676169206c61796172206c6562617220756e74756b20736172616e6120736f7369616c69736173692e3c2f703e0d0a3c703e266e6273703b3c2f703e0d0a3c703e446972656b747572204a656e646572616c2050656e6761776173616e2053756d6265722044617961204b656c617574616e2064616e20506572696b616e616e20284469726a656e205053444b5029204b4b502c2054622e20486165727520526168617975206d656d617061726b616e2062657262616761692075706179612079616e672064696c616b756b616e206f6c656820696e7374616e73692079616e6720646970696d70696e6e796120756e74756b206d656d626572616e7461732064657374727563746976652066697368696e672e3c2f703e0d0a3c703e266e6273703b3c2f703e0d0a3c703e224b616d69207465727573206d656e696e676b61746b616e20757061796120756e74756b206d656d626572616e7461732064657374727563746976652066697368696e672c207365626167616920636f6e746f68206469204d616b6173736172202d2053756c61776573692053656c6174616e206b616d6920626572686173696c206d656e6365676168206b6567696174616e2064657374727563746976652066697368696e6720736574656c61682050656e676177617320506572696b616e616e206d656e79616d6172206d656e6a616469206e656c6179616e2064616e20646920416d626f6e206b616d69206a6164696b616e204b6170616c2050656e676177617320506572696b616e616e2073656261676169206c61796172206c6562617220756e74756b20736172616e6120736f7369616c697361736920616e74692064657374727563746976652066697368696e67202220756a61722054622048616572752e3c2f703e0d0a3c703e266e6273703b3c2f703e0d0a3c703e44617269206b6567696174616e2070656e79616d6172616e206d656e6767756e616b616e206b6170616c206e656c6179616e2073656c616d61203320686172692073656a616b20313320732e64203135204a756e6920323032302c2050656e676177617320506572696b616e616e2064617269204b6170616c2050656e676177617320506572696b616e616e20284b502920486975204d6163616e2030332062657273616d6120706572736f6e696c2050656e67656c6f6c612054616d616e2057697361746120506572616972616e202854575029204b61706f706f73616e672d424b4b504e204b7570616e6720626572686173696c206d656e616e676b61702064616e206d656e67676167616c6b616e206b6567696174616e2064657374727563746976652066697368696e672079616e672064696c616b756b616e206f6c65682032206b6170616c204e656c6179616e207961697475204b4d2e205975736e69612064616e204b4d2e2053746172204e6f6e652e204b65647561206b6170616c207465727365627574206d656e636f6261206d656c616b756b616e2070656e616e676b6170616e20696b616e206469206b61776173616e206b6f6e73657276617369204b61706f706f73616e67202d204d616b61737361722064656e67616e206d656e6767756e616b616e20616c61742062616e747520626572757061206b6f6d707265736f722e3c2f703e0d0a3c703e266e6273703b3c2f703e0d0a3c703e224b6f6d707265736f7220696e692064696c6172616e672061706162696c6120646967756e616b616e207365626167616920616c61742062616e7475207065726e61666173616e2073616174206d656e79656c616d20756e74756b206d656e616e676b617020696b616e2e2053756461682062616e79616b206b6f7262616e20616b696261742070656e79616c616867756e61616e206b6f6d707265736f7220696e6920736568696e676761206461706174206d656e67616b696261746b616e20636564657261207365726975732073616d706169206b656d617469616e2e2053656c61696e20697475206d6572656b61206a756761206265726f706572617369206469206b61776173616e206b6f6e736572766173692079616e672064696c696e64756e67692c2220746572616e672054622e2048616572752e3c2f703e0d0a3c703e266e6273703b3c2f703e0d0a3c703e53656d656e74617261206974752c20646920416d626f6e202d204d616c756b752c204177616b204b6170616c2050656e676177617320506572696b616e616e2028414b502920486975203031332c206d656c616b73616e616b616e20736f7369616c697361736920616e746920646574727563746976652066697368696e6720736563617261206d617261746f6e2064656e67616e206e656c6179616e20736574656d70617420756e74756b206d656e676b616d70616e79656b616e206261686179612070656e616e676b6170616e20696b616e2064656e67616e20636172612079616e67206d65727573616b2c2070656c657374617269616e2073756d626572206461796120706572696b616e616e2079616e672064696c696e64756e67692073616d706169207570617961206d656e6a616761206c61757420646172692073616d7061682e3c2f703e0d0a3c703e266e6273703b3c2f703e0d0a3c703e26726471756f3b53656a616c616e2064656e67616e2061726168616e204d656e74657269204b656c617574616e2064616e20506572696b616e616e2c207570617961206d656d62696e61206e656c6179616e20496e646f6e65736961207465727573206b616d69206c616b756b616e2064656e67616e20626572626167616920636172612e2054656d616e2d74656d616e20414b50206a75676120696b757420626572706572616e20616b7469662064616c616d20757061796120746572736562757426726471756f3b2c20746572616e672054622048616572752e3c2f703e0d0a3c703e266e6273703b3c2f703e0d0a3c703e44696d756c616920706164612037204a756e6920323032302c206b7275206b6170616c204869752031332062657263656e676b72616d612064656e67616e2077617267612044657361204275616e6f2053656c6174616e2c204b6563616d6174616e204875616d75616c2042656c616b616e672c204b616275706174656e20536572616d2042616769616e2042617261742c2050726f76696e7369204d616c756b752e204b616c61206974752c206d6572656b61206d656d617061726b616e206a656e697320696b616e2064696c696e64756e67692064616e206d656d626167696b616e20737469636b6572206c6172616e67616e206d656d6275616e672073616d706168206469206c617574206b657061646120506f6b6d61737761732048656e61204265726b617279612c20706572616e676b617420446573612064616e20776172676120646573612e3c2f703e0d0a3c703e266e6273703b3c2f703e0d0a3c703e224469206c6f6b6173692074657273656275742c20414b5020626572736f7369616c69736173692068616d7069722073617475206a616d2064656e67616e207761726761207465726b6169742064657374727563746976652066697368696e672c2070656c657374617269616e20696b616e2079616e672064696c696e64756e6769207365727461206d656e6a616761206b65626572736968616e20706572616972616e22206b6174612054622048616572752e3c2f703e0d0a3c703e266e6273703b3c2f703e0d0a3c703e53656c61696e206265726469736b7573692c20414b50206a756761206d656c616b756b616e2070656d75746172616e2066696c6d207465726b6169742064657374727563746976652066697368696e67206469204465736120446f776f72612c204b6563616d6174616e2047616e652042617261742053656c6174616e2c204b616275706174656e2048616c6d61686572612053656c6174616e2c2050726f76696e7369204d616c756b752055746172612e204261686b616e2c2070657475676173206d656e79756c6170206b6170616c2070656e6761776173206d656e6a616469206c617961722072616b736173612079616e6720626973612064696e696b6d617469207761726761207065736973697220756e74756b206d656e6f6e746f6e2066696c6d2e2044696b6174616b616e2054622c2070656d75746172616e2066696c6d20646967656c61722070756b756c2031382e30302068696e6767612031382e3330205749542064616e2064696c616e6a75746b616e20706164612070756b756c2032302e30302068696e6767612032312e3030205749542c203132204a756e6920323032302e3c2f703e0d0a3c703e266e6273703b3c2f703e0d0a3c703e22496e692073616c61682073617475206d65746f64652079616e67206b616d692067756e616b616e2064616c616d2070726f6772616d2d70726f6772616d2070656e796164617274616875616e2e20556e74756b20766172696173692c20736f7369616c6973617369206a7567612064696b656d6173206d656c616c75692070656e6179616e67616e2066696c6d2f766964656f207465726b6169742064657374727563746976652066697368696e672e204b697461206b656d61732066756e2064616e20626572736168616261742c222073616d62756e676e79612e3c2f703e0d0a3c703e266e6273703b3c2f703e0d0a3c703e53656c616e6a75746e79612070616461203133204a756e692c2074696d204b5020486975203133206b656d62616c69206d656c616e6a75746b616e20736f7369616c69736173692064692070657369736972204465736120476f6e6f6e65204d6172616861692c204b6563616d6174616e204b6570756c6175616e204a6f726f6e67612c204b616275706174656e2048616c6d61686572612053656c6174616e2c2050726f76696e7369204d616c756b752055746172612e2054622062657268617261702c206d656c616c7569206b6567696174616e20696e692c206d6173796172616b61742073656d616b696e20616b746966206d656e6365676168207465726a6164696e7961207065727573616b616e2062696f7461206c6175742064616c616d2062656e74756b2064657374727563746976652066697368696e672e3c2f703e0d0a3c703e22496e74696e7961206b616d6920696e67696e206d656c696261746b616e206d6173796172616b61742064616c616d207570617961206d656e6a6167612073756d6265722064617961206b656c617574616e2064616e20706572696b616e616e2e2054616e7061206164616e796120706572616e206d6173796172616b61742074656e74752074756761732064616e207570617961206d656e6a616761206c61757420616b616e206d656e6a6164692062657261742c222070756e676b61732054622e3c2f703e, '3', 'Administrator', '2020-06-17 15:23:41', '1'),
(11, '5ef138aa7efd5-1592866986.jpg', 'SATGAS GABUNGAN KKP DAN TNI AL TANGKAP PELAKU BOM IKAN DI LOMBOK TIMUR', 0x3c703e4c4f4d424f4b2054494d5552202832322f3629202d2053617475616e20747567617320287361746761732920676162756e67616e2064617269204b656d656e74657269616e204b656c617574616e2064616e20506572696b616e616e20284b4b50292064616e20544e4920414c20626572686173696c206d656c616b756b616e2070656e616e676b6170616e2074657268616461702070656c616b752070656e6765626f6d616e20696b616e2079616e67206d656c616b756b616e20616b73696e79612064692077696c6179616820706572616972616e204c6f6d626f6b2054696d75722e204d65736b6970756e2073656d706174206265727573616861206d656d6275616e6720626172616e672062756b746920626f6d20696b616e2064616e206d656c6172696b616e2064697269206b656475612070656c616b7520616b6869726e796120646974616e676b6170206f6c65682061706172617420676162756e67616e2064692072756d61686e79612e3c2f703e0d0a3c703e4b616d69206d656e676f6e6669726d6173692070656e616e676b6170616e2079616e672064696c616b756b616e206f6c65682041706172617420676162756e67616e2079616e67207465726469726920646172692050656e676177617320506572696b616e616e2070616461205361747761732053444b50204c6f6d626f6b2054696d75722064616e20504f5320544e4920414c2053656c617420416c6173207465726861646170206475612070656c616b752070656e6765626f6d616e20696b616e2070616461204b616d6973202831382f36292c20756e676b6170205462204861657275205261686179752c20446972656b747572204a656e646572616c2050656e6761776173616e2053756d6265722044617961204b656c617574616e2064616e20506572696b616e616e2c2053656e696e202832322f36292e3c2f703e0d0a3c703e5462206d656e6a656c61736b616e206261687761206170617261742068617275732062656b65726a61206b65726173206b6172656e612070656c616b75206d656e696e6767616c6b616e207065726168752064616e206d656d6275616e672073656d756120626172616e672062756b7469207365706572746920626f6d2064616e20706f74617369756d2e204e616d756e2062657262656b616c206b657369676170616e2064616e2064756b756e67616e2064617269204b656c6f6d706f6b204d6173796172616b61742050656e67617761732028504f4b4d4153574153292050657472616e646f2079616e672070657274616d61206b616c69206d656e67696e666f726d6173696b616e206b6567696174616e2070656e616e676b6170616e20696b616e2079616e672064696c616b756b616e2064656e67616e2063617261206d65727573616b2074657273656275742c206b656475612070656c616b7520646170617420646972696e676b7573206f6c65682061706172617420676162756e67616e2e3c2f703e0d0a3c703e50656e616e676b6170616e20696e69206265726177616c2064617269206c61706f72616e20506f6b6d61737761732050657472616e646f2079616e67206d656e63757269676169206b656475612070656c616b75206b6172656e61206d656d6275616e672062756e676b7573616e2079616e67207465726e796174612062657269736920626f6d20696b616e2064616e20706f74617369756d2e2053656d7061742064696c616b756b616e2070656e67656a6172616e206e616d756e2070656c616b7520626572686173696c206b616275722064616e206d656e696e6767616c6b616e207065726168756e79612064692064656b61742070616e7461692c20757261692054622e3c2f703e0d0a3c703e41706172617420676162756e67616e2079616e67206d656c616b756b616e2070656e6365676174616e206469206461726174206a7567612068616e7961206d656e656d756b616e207065726168752079616e6720737564616820646974696e6767616c6b616e2e204e616d756e20736574656c6168206d656c616b756b616e2070656d6572696b7361616e207065726168752070656c616b752c20617061726174206d656e656d756b616e2062656265726170612062756b746920706574756e6a756b2079616e6720616b6869726e7961206d656e67617261686b616e206b65706164612070656c616b752064616e20616b6869726e79612064656e67616e2070656e64656b6174616e2073656361726120706572737561736966206b6570616461206b656c75617267612c2070656c616b7520626572686173696c20646974616e676b61702e3c2f703e0d0a3c703e416c68616d64756c696c6c61682070656c616b75207361617420696e69207375646168206469616d616e6b616e206469204c616e616c204d61746172616d2064616e20616b616e20736567657261206b616d692070726f7365732068756b756d206c65626968206c616e6a75742c20756a61722054622e3c2f703e0d0a3c703e4469687562756e67692073656361726120746572706973616820446972656b7475722050656e6761776173616e2050656e67656c6f6c61616e2053756d6265722044617961204b656c617574616e2c204d61746865757320456b6f2052756469616e746f206d656d626572696b616e206170726573696173696e79612061746173206b656a656c69616e2061706172617420676162756e67616e2079616e6720746964616b2070617461682073656d616e676174206d65736b6970756e2070656c616b75207375646168206265727573616861206d656e6768696c616e676b616e20626172616e672062756b74692064616e206d656c6172696b616e20646972692e20456b6f206a756761206d656e6761707265736961736920706572616e20504f4b4d41535741532064616c616d2070656e616e676b6170616e2070656c616b752070656e6765626f6d616e20696b616e20696e692e3c2f703e0d0a3c703e496e69206d656e6a616469206d6f6d656e74756d2079616e67206261696b2064696d616e61206170617261742070656e6167616b2068756b756d2064616e206d6173796172616b61742064617061742073616c696e672062616875206d656d626168752064616c616d206d656d626572616e7461732044657374727563746976652066697368696e672c20746572616e6720456b6f2e3c2f703e0d0a3c703e456b6f206a756761206d656e6a656c61736b616e2062616877612064616c616d206265626572617061206861726920746572616b686972206a7567612064696c616b756b616e2070656e616e676b6170616e2064692062656265726170612077696c61796168206c61696e6e79612e2048616c20696e69206d656e756e6a756b6b616e206261687761204b4b502079616e672062656b65726a612073616d612064656e67616e20544e4920414c207465727574616d612064656e67616e20504f53414c2074657264656b61742c2073616e676174207365726975732064616c616d206d656d626572616e746173206b6567696174616e2070656e616e676b6170616e20696b616e2073656361726120696c6c6567616c2064616e2079616e67206d65727573616b206c696e676b756e67616e2064616e20456b6f73697374656d2e3c2f703e0d0a3c703e4b616d69206a75676120626172752073616a61206d656c616b756b616e2070656e616e676b6170616e2070656c616b752070656e6765626f6d616e20696b616e20646920416365682064616e20626562657261706120646165726168206c61696e6e79612e20496e69206d656e756e6a756b6b616e206261687761206b697461206d617369682070756e79612074756761732079616e6720626572617420756e74756b206d656d626572616e7461732044657374727563746976652066697368696e6720696e6926726471756f3b2c2070756e676b617320456b6f2e3c2f703e0d0a3c703e44616c616d206b6573656d706174616e2074657270697361682c204b6f6d616e64616e204c616e616c204d61746172616d6d204b6f6c6f6e656c204c61757420285029205375726174756e2c20532e482e2c206469204c616e616c204d61746172616d20706164612053656e696e202832322f3629206d656e79616d7061696b616e20626168776120544e4920414c20736961702062657273696e657267692064656e67616e206170617261742070656e6567616b2068756b756d206c61696e6e7961207465726d6173756b204b4b502064616c616d206d656d626572616e746173207072616b74696b2d7072616b74696b2064657374727563746976652066697368696e672064692077696c6179616820706572616972616e204c6f6d626f6b2054696d75722e3c2f703e0d0a3c703e544e4920414c2074656e747520616b616e206d656d626572696b616e2064756b756e67616e2070656e75682061676172206b6567696174616e2070656e616e676b6170616e20696b616e2064656e67616e20636172612079616e67206d65727573616b20696e6920646170617420646920626572616e74617326726471756f3b2c206a656c6173204b6f6d616e64616e204c616e616c204d61746172616d2e3c2f703e0d0a3c703e417461732070657262756174616e6e79612074657273656275742c20706172612070656c616b7520646170617420646973616e676b616b616e206d656c616e6767617220506173616c203836206179617420283129206a6f20506173616c2031322061796174202831292c266e6273703b20506173616c203834206179617420283129206a6f20506173616c20382061796174202831292c204875727566206120556e64616e672d556e64616e67205249204e6f6d6f7220333120546168756e20323030342074656e74616e6720506572696b616e616e2c20736562616761696d616e612074656c6168206469756261682064616e20646974616d6261682064656e67616e20556e64616e672d556e64616e67204e6f6d6f7220343520546168756e2032303039222c2070756e676b6173204d61746865757320456b6f2052756469616e746f2073656d62617269206d656e756e6a756b6b616e20626172616e672062756b7469206461726920706172612070656c616b752e3c2f703e, '5', 'Administrator', '2020-06-23 06:00:01', '1'),
(12, '5ef139c2dfcfc-1592867266.jpg', 'DIREKTORAT JENDERAL PSDKP SELENGGARAKAN FORUM KOORDINASI PENANGANAN TINDAK PIDANA PERIKANAN', 0x3c703e446972656b746f726174204a656e646572616c2050656e6761776173616e2053756d6265722044617961204b656c617574616e2064616e20506572696b616e616e20285053444b5029206d656e79656c656e67676172616b616e2070657274656d75616e20466f72756d204b6f6f7264696e6173692050656e616e67616e616e2054696e64616b20506964616e6120646920426964616e6720506572696b616e616e2028545050292054696e676b617420507573617420546168756e20323031382e3c2f703e0d0a3c703e4b6567696174616e2079616e672064696c616b73616e616b616e20706164612068617269204b616d6973202832382f362920646920476564756e67204d696e61204261686172692049562c204b4b502c204a616b617274612c20736563617261207265736d6920646962756b61206f6c6568204e696c616e746f20506572626f776f20506c742e20446972656b747572204a656e646572616c205053444b502c2064616e206469686164697269206f6c65682070657277616b696c616e206461726920756e6974206b65726a61206c696e676b7570204b656d656e74657269616e204b656c617574616e2064616e20506572696b616e616e20284b4b50292c20556e69742050656c616b73616e612054656b6e697320285550542920446972656b746f726174204a656e646572616c205053444b502c20536174676173203131352c2073657274612070657277616b696c616e20646172692073656a756d6c616820696e7374616e73692070656d6572696e7461682c207961697475204b656d656e74657269616e20506572687562756e67616e2c204b656d656e74657269616e204b6575616e67616e2c204b656d656e74657269616e2048756b756d2064616e2048414d2c204b656d656e74657269616e204b6574656e6167616b65726a61616e2c204b656d656e74657269616e204c756172204e65676572692c204b656a616b7361616e204167756e672c20544e492d414c2c20504f4c52492c204d61686b616d6168204167756e672064616e2050656e676164696c616e204e6567657269204a616b617274612055746172612e3c2f703e0d0a3c703e44616c616d2073616d627574616e6e7961204e696c616e746f20506572626f776f206d656e79616d7061696b616e20626168776120666f72756d20696e692062657274756a75616e20756e74756b206d656d7065726f6c6568207365627561682070656e6365726168616e207365727461206d6572756d75736b616e2073617475206b657365706168616d616e2064656e67616e2064697465726269746b616e6e79612053757261742045646172616e204d61686b616d616e204167756e67202853454d4129204e6f6d6f72203320546168756e20323031352c2064696d616e612064616c616d2073757261742065646172616e2074657273656275742074657264617061742073616c61682073617475206b6574656e7475616e2079616e67206d656e79656275746b616e2062616877612074696e64616b20706964616e6120706572696b616e616e2079616e67207465726a616469206469205a454520496e646f6e65736961206d616b73696d616c2068616e796120626973612064696b656e616b616e20706964616e612064656e64612e2053656d656e746172612c2073656361726120756d756d2070656c616b7520696c6c6567616c2066697368696e672079616e672074657274616e676b6170206469205a454520496e646f6e65736961206d656d70756e796169206b657465726261746173616e20756e74756b206d656d62617961722064656e6461207365737561692064656e67616e207075747573616e2070656e676164696c616e2e3c2f703e0d0a3c703e556e74756b206974752c20646968617261706b616e2064616c616d20466f72756d204b6f6f7264696e61736920696e69206461706174206d6572756d75736b616e20736f6c7573692070656d65636168616e206d6173616c61682074657273656275742c20736568696e6767612070656c616b73616e61616e207475676173207365686172692d686172692070617261206170617261742070656e6567616b2068756b756d20646920626964616e6720706572696b616e616e2064617061742062656b65726a61206c65626968206d616b73696d616c2064616e207365737561692064656e67616e206b6574656e7475616e2070657261747572616e20706572756e64616e672d756e64616e67616e2079616e67206265726c616b752e3c2f703e0d0a3c703e50616461206b6573656d706174616e2074657273656275742c20506c742e20446972656b747572204a656e646572616c205053444b50206a7561206d656e656b616e6b616e206261687761204b4b5020746964616b206d756e676b696e2062656b65726a612073656e646972692c20736568696e67676120646968617261706b616e2073656c75727568204b656d656e74657269616e2f4c656d6261676120284b2f4c292074657275732064617061742062656b65726a612062657273616d612064656e67616e204b4b502064616c616d206d656e67656c6f6c612073756d626572206461796120706572696b616e616e2064696b6172656e616b616e206b65726a612073616d6120616e74617220284b2f4c292079616e67207465746170207465726a6167612064656e67616e2073616e676174206261696b2068696e676761207361617420696e69206d65727570616b616e206b756e6369206b65626572686173696c616e2070656d6572696e74616820496e646f6e657369612064616c616d206d656e67656c6f6c612073756d626572206461796120706572696b616e616e2064616e206d656d626572616e746173207072616b74696b204955552046697368696e6720646920706572616972616e20496e646f6e657369612e202853424f292e3c2f703e, '1', 'Administrator', '2020-07-12 00:42:02', '1'),
(13, '6007b61a1c54e-1611118106.jpeg', 'Menteri Trenggono Semangati Pejabat dan Pegawai KKP', 0x3c703e3c7374726f6e673e4a414b415254413c2f7374726f6e673e20266e646173683b204d656e74657269204b656c617574616e2064616e20506572696b616e616e2057616879752053616b7469205472656e67676f6e6f206d616d706972206b6520626562657261706120737564757420676564756e67204d696e612042616861726920342c2074656d7061746e7961206265726b616e746f722e2044696120626572706573616e20616761722073656c757275682070656761776169204b4b502074657275732062656b65726a6120756e74756b206d656c6179616e69206d6173796172616b61742064692073656b746f72206b656c617574616e2064616e2070657274616e69616e2e3c2f703e0d0a3c703e266c6471756f3b53656d6f6761206b6974612064617061742062656b65726a6120756e74756b206d656c6179616e69206d6572656b612028706172612070656b65726a612064692073656b746f72204b50292064656e67616e207365676572612e204861726920696e692c207361796120616b616e206d656d62657265736b616e2061646d696e697374726173692064616e2068616c2d68616c2079616e67206d617369682074657274696e6767616c206469206b616e746f722073617961206c616d612e2054657461702073656d616e6761742079612c26726471756f3b20756a61726e79612e3c2f703e0d0a3c703e536574656c6168206265726469736b7573692064616e206265726b656e616c616e206c616e6773756e672062657273616d61206a616a6172616e2070656761776169204b4b50206d656e67656e6169206576616c756173692073656b746f72206b656c617574616e2064616e20706572696b616e616e2c204d656e74657269205472656e67676f6e6f206d616d706972206b65207275616e67206b65726a6120626172756e79612064696c616e6a75746b616e206d616b616e207369616e672062657273616d6120646920476564756e67204d696e61204261686172692049562e3c2f703e0d0a3c703e446974656d616e692070617261206a616a6172616e2c204d656e74657269205472656e67676f6e6f206a7567612062657273656d616e676174206d616d706972206b652047616c657269204b6172616e74696e6120496b616e206469206c616e74616920646173617220476564756e67204d696e61204261686172692049562e3c2f703e0d0a3c703e4b6570616c6120424b49504d2c2052696e612c206d656e64616d70696e67692064616e206d656d7065726b656e616c6b616e206b6f6c656b736920626572626167616920696b616e2064616e206c6f62737465722064692064616c616d206d696e6920616b75617269756d2079616e67206265726164612064692067616c657269206b6172616e74696e6120696b616e2074657273656275742e3c2f703e0d0a3c703e266c6471756f3b42616e79616b207961206b6f6c656b73696e79612e20696e6920696b616e206a656e6973206170612073616a612c26726471756f3b2074616e79616e79612062657273656d616e6761742e3c2f703e0d0a3c703e4265676974752070756c612073616174206d656d6261686173206265626572617061206b6f6c656b7369206c6f62737465722079616e672074657270616d70616e672064692064616c616d20616b75617269756d2074657273656275742c204d656e74657269205472656e67676f6e6f206d656e79696e6767756e672062756469646179612079616e67206265726b656c616e6a7574616e2e3c2f703e0d0a3c703e536574656c6168206d656e67756e6a756e67692067616c657269206b6172616e74696e6120696b616e2c204d656e74657269205472656e67676f6e6f2062657365727461206a616a6172616e206265726a616c616e206d656e756a7520476564756e67204d696e6120426168617269203120756e74756b206d656e67756e6a756e6769206265626572617061207375647574207275616e6720726170617420706172612070696d70696e616e206469206c616e74616920312e3c2f703e0d0a3c703e446964616d70696e67692053656b6a656e204b4b502c20416e74616d204e6f76616d6261722c204d656e74657269205472656e67676f6e6f206d656c69686174206d696e6961747572206b6170616c2070656e676177617320706572696b616e616e206f7263612030332079616e672067616761682074657270616d70616e672064692073656b69746172616e207275616e672072617061742070696d70696e616e204b4b50206469206c616e74616920312e3c2f703e, '1', 'Administrator', '2021-01-20 05:02:27', '1'),
(14, '6007b8f8b7b38-1611118840.jpg', 'Pengawas KKP Ringkus Penangkap Ikan Menggunakan Racun', 0x3c703e3c7374726f6e673e4a414b415254413c2f7374726f6e673e20266e646173683b2050657475676173204b656d656e74657269616e204b656c617574616e2064616e20506572696b616e616e20284b4b5029206b656d62616c69206d656e67676167616c6b616e2070656e616e676b6170616e20696b616e20736563617261206d65727573616b20617461752064657374727563746976652066697368696e672e204b616c6920696e692c20706574756761732064617269204469746a656e2050656e6761776173616e2053756d6265722044617961204b656c617574616e2064616e20506572696b616e616e20285053444b50292062657273616d61206b656c6f6d706f6b206d6173796172616b61742070656e67617761732028506f6b6d617377617329206d6572696e676b757320746967612070656c616b7520646920706572616972616e204d6f726f77616c692c2053756c61776573692054656e6761682e3c2f703e0d0a3c703e266c6471756f3b4265726b6174206b65726a612073616d612064656e67616e206d6173796172616b61742c20746967612070656c616b752064657374727563746976652066697368696e67206b6974612074616e676b6170206469204d6f726f77616c692c26726471756f3b206b617461204469726a656e205053444b502c20544220486165727520526168617975206469204a616b617274612c2053656e696e202831342f3132292e3c2f703e0d0a3c703e54656265206d656e67756e676b61706b616e2c206f7065726173692070656e696e64616b616e2064657374727563746976652066697368696e6720696e69206d65727570616b616e2062616769616e2064617269207570617961206a616a6172616e6e796120756e74756b206d656e6a616761206c61757420756e74756b206d61736120646570616e2062616e6773612e2048616c20696e692073656a616c616e2064656e67616e20766973692070656d6572696e746168206469206261776168206b6f6d616e646f20507265736964656e204a6f6b6f205769646f646f2e3c2f703e0d0a3c703e266c6471756f3b4b69746120616b616e207465727573206a616761206c617574206b6974612c207465726d6173756b206461726920706572696c616b752064657374727563746976652066697368696e672c26726471756f3b2073616d62756e676e79612e3c2f703e0d0a3c703e53656d656e7461726120506c7420446972656b7475722050656e6761776173616e2053756d6265722044617961204b656c617574616e2c204d61746865757320456b6f2052756469616e746f206d656e79656275742070656e616e676b6170616e2064696c616b756b616e20646920746974696b206b6f6f7264696e61742033266465673b3237267072696d653b203430265072696d653b204c5320266e646173683b20313232266465673b353526727371756f3b333126726471756f3b2042542070616461204d696e6767752073656b697461722070756b756c2031312e333920574954412e3c6272202f3e4c6f6b6173692074657273656275742c206b617461206469612c206d65727570616b616e20706572616972616e204b6f6b6f696c612079616e67206d656e6a616469206b61776173616e206b6f6e73657276617369204d6f726f77616c692e204b65746967612070656c616b7520696e692070756e206265726261676920706572616e2064616c616d206d656e6a616c616e6b616e20616b73696e79612e3c2f703e0d0a3c703e266c6471756f3b4a616469206461726920746967612079616e67206b6974612074616e676b61702c2032206f72616e6720736564616e67206d656e79656c616d2064616e2031206f72616e67206c6167692062657261646120646961746173206b6170616c6e79612c26726471756f3b206a656c617320456b6f2e3c2f703e0d0a3c703e456b6f206d656e616d6261686b616e2c20646172692070656e67756e676b6170616e20696e69206a616a6172616e204469746a656e205053444b50206d656e796974612073656a756d6c616820626172616e672062756b74692064617269206b65746967612070656c616b752e20426172616e672062756b746920746572736562757420646920616e746172616e79612031342062756e676b757320706f74617369756d2c206d6573696e206b6f6d707265736f7220362e3520504b2c20746162756e67206b6f6d707265736f722c20322067756c756e672073656c616e672c203320626c6f7765722f61697261746f72203320627561682c2064616e206c61696e2d6c61696e2e3c2f703e0d0a3c703e266c6471756f3b506172612070656c616b752064616e20626172616e672062756b7469206b69746120616d616e6b616e2050616e676b616c616e205053444b5020426974756e67206f6c6568204b6170616c2050656e67617761732048495520303520756e74756b2064692070726f736573206c65626968206c616e6a75742c26726471756f3b20746567617320456b6f2e3c2f703e0d0a3c703e5365626167616920696e666f726d6173692c2073656c616d61204f6b746f62657220323031392073616d7061692064656e67616e207361617420696e692c204469746a656e205053444b502074656c6168206d6572696e676b75732039362070656c616b752064657374727563746976652066697368696e672e2053656c61696e2070656e696e64616b616e2c205053444b50207465727573206d656e6767656e6361726b616e20736f7369616c69736173692064616e206564756b6173692064616d70616b2064657374727563746976652066697368696e67206b65206d61737972616b617420756e74756b206d656e6a616761206b656265726c616e6a7574616e2073756d6265722064617961206b656c617574616e2064616e20706572696b616e616e206e7573616e746172612e3c2f703e, '3', 'Administrator', '2021-01-20 05:04:31', '1'),
(15, '612352ae80a85-1629704878.docx', 'Detik-Detik 2 Kapal Asing Pencuri Ikan di Laut Natuna Ditangkap Oleh Kapal Pengawas Perikanan KKP, Sempat Berusaha Kabur', 0x3c703e68747470733a2f2f796f7574752e62652f57373934502d377a3038513c2f703e, '1', 'Administrator', '2021-08-23 07:41:02', '1');

-- --------------------------------------------------------

--
-- Struktur dari tabel `stm_menuv2`
--

CREATE TABLE `stm_menuv2` (
  `id` int(11) NOT NULL,
  `id_parentmenu` int(11) DEFAULT NULL,
  `level` int(11) DEFAULT NULL,
  `menu` varchar(255) DEFAULT NULL,
  `linka` varchar(255) DEFAULT NULL,
  `icon` varchar(255) DEFAULT NULL,
  `urutan` int(11) DEFAULT NULL
) ENGINE=InnoDB DEFAULT CHARSET=utf8mb4 COLLATE=utf8mb4_general_ci ROW_FORMAT=COMPACT;

--
-- Dumping data untuk tabel `stm_menuv2`
--

INSERT INTO `stm_menuv2` (`id`, `id_parentmenu`, `level`, `menu`, `linka`, `icon`, `urutan`) VALUES
(1, NULL, 1, 'Master Data', NULL, 'fa fa-archive', 2),
(2, NULL, 1, 'Permohonan', 'master.display_permohonan', 'fa fa-laptop', 6),
(5, NULL, 1, 'Config', NULL, 'fa fa-gears', 1),
(6, 1, 2, 'Kapal', 'master.display_kapal', NULL, 1),
(7, 1, 2, 'UPT', 'master.display_upt', NULL, 2),
(8, 5, 2, 'User', 'config.display_user', NULL, 1),
(9, 5, 2, 'Role', 'config.display_role', NULL, 2),
(10, 5, 2, 'Menu', 'config.menu_utama', NULL, 3),
(16, NULL, 1, 'Notifikasi', NULL, 'fa fa-envelope', 18),
(17, 16, 2, 'Buat Notifikasi', 'notif.display_buat', NULL, 1),
(19, NULL, 1, 'Monitoring BBM', NULL, 'fa fa-desktop', 3),
(20, 19, 2, 'BA Sebelum Pengisian', 'monitoring.ba_sisa_sblm_pengisian', NULL, 1),
(21, 19, 2, 'BA Penggunaan BBM', 'monitoring.ba_penggunaan_bbm', NULL, 4),
(22, 19, 2, 'BA Penerimaan BBM', 'monitoring.ba_penerimaan_bbm', NULL, 6),
(23, 19, 2, 'BA Pemeriksaan Sarana Pengisian', 'monitoring.ba_pemeriksaan_sarana_pengisian', NULL, 5),
(25, 24, 2, 'Input Rencana', NULL, NULL, 1),
(26, 19, 2, 'BA Sebelum Pelayaran', 'monitoring.ba_sblm_pelayaran', NULL, 2),
(27, 19, 2, 'BA Sesudah Pelayaran', 'monitoring.ba_ssdah_pelayaran', NULL, 3),
(28, 19, 2, 'BA Akhir Bulan', 'monitoring.ba_akhir_bulan', NULL, 7),
(29, NULL, 1, 'Portal Berita', 'portal.display_portbuat', 'fa fa-rss', 10),
(30, NULL, 1, 'Anggaran dan Realisasi', NULL, 'fa fa-book', 7),
(31, 30, 2, 'Entri Anggaran', 'angta.display_entry', NULL, 1),
(32, 30, 2, 'Perubahan Anggaran', 'angta.display_perubahan', NULL, 2),
(33, 30, 2, 'Approval Anggaran', 'angta.display_approv', NULL, 3),
(34, 30, 2, 'Entry Realisasi', 'angta.display_entag', NULL, 4),
(35, 30, 2, 'Approval Realisasi', 'angta.display_apptag', NULL, 5),
(36, NULL, 1, 'Laporan BBM', NULL, 'fa fa-ship', 8),
(37, 36, 2, 'LAP Total Penerimaan & Penggunan BBM', 'lap.display_penerimaanbbm', NULL, 1),
(38, 36, 2, 'LAP Detail Penggunaan & Penerimaan BBM', 'lap.display_detail_penerimaanbbm', NULL, 2),
(39, 30, 2, 'Pembatalan Realisasi', 'angta.display_pemtag', NULL, 6),
(40, 30, 2, 'Tanggal SPPD', 'angta.display_sppd', NULL, 7),
(41, 36, 2, 'History Penerimaan & Penggunaan BBM', 'lap.history_detail_penerimaanbbm', NULL, 3),
(42, NULL, 1, 'Laporan Anggaran & Realisasi', NULL, 'fa fa-print', 9),
(43, 42, 2, 'Laporan Anggaran', 'lap.display_anggaran', NULL, 1),
(44, 42, 2, 'Riwayat Anggaran & Realisasi ALL', 'lap.display_riwayatanggaran', NULL, 2),
(45, 42, 2, 'Laporan Transaksi Realisasi UPT', 'lap.display_anggaranupt', NULL, 4),
(46, 42, 2, 'Laporan Realisasi per Periode', 'lap.display_realisasi', NULL, 3),
(47, NULL, 1, 'Monitoring PINJAMAN', NULL, 'fa fa-desktop', 4),
(48, 36, 2, 'Laporan BBM Akhir Bulan', 'lap.history_detail_akhir_bulan', NULL, 4),
(49, 30, 2, 'Entry Anggaran Internal', 'angta.display_internal', NULL, 8),
(50, 30, 2, 'Approval Anggaran Internal', 'angta.display_internalapp', NULL, 9),
(51, 30, 2, 'Pembatalan Anggaran Internal', 'angta.display_internalbat', NULL, 10),
(52, 42, 0, 'Laporan Transaksi Perubahan Anggaran Internal UPT', 'lap.laporan_perubahan_anggaran_internal', NULL, 5),
(53, 42, 2, 'Laporan Berita Acara Pembayaran Tagihan', 'lap.rekap_verifikasi_realisasi', NULL, 6),
(54, 36, 2, 'Laporan Penerimaan BBM', 'lap.laporan_penerimaanbbm', NULL, 5),
(55, 42, 2, 'Laporan Verifikasi Tagihan', 'lap.laporan_verifikasi_realisasi', NULL, 7),
(56, 19, 2, 'BA Penitipan BBM', 'monitoring.ba_penitipan_bbm', NULL, 8),
(57, 19, 2, 'BA Pengembalian BBM', 'monitoring.ba_pengembalian_bbm', NULL, 9),
(59, 36, 2, 'Laporan Penitipan BBM', 'lap.display_penitipan', NULL, 6),
(60, 36, 2, 'Laporan Pengembalian BBM', 'lap.display_pengembalian', NULL, 7),
(61, 47, 2, 'BA Peminjamaan BBM', 'monitoring.ba_peminjaman_bbm', NULL, 10),
(62, 47, 2, 'BA Penerimaan Pinjaman BBM', 'monitoring.ba_penerimaan_pinjaman_bbm', NULL, 11),
(63, 47, 2, 'BA Pengembalian Pinjaman BBM', 'monitoring.ba_pengembalian_pinjaman_bbm', NULL, 12),
(64, 47, 2, 'BA Penerimaan Pengembalian BBM', 'monitoring.ba_penerimaan_pengembalian_bbm', NULL, 13),
(65, 73, 2, 'BA Pemberi Hibah BBM Kapal Pengawas', 'monitoring.ba_pemberi_hibah_bbm_kapal_pengawas', NULL, 14),
(66, 73, 2, 'BA Penerima Hibah BBM Kapal Pengawas', 'monitoring.ba_penerima_hibah_kapal_pengawas', NULL, 15),
(67, 73, 2, 'BA Pemberi Hibah BBM Dengan Instansi Lain', 'monitoring.ba_hibah_bbm_instansi_lain', NULL, 16),
(68, 73, 2, 'BA Penerimaan Hibah BBM', 'monitoring.ba_penerimaan_hibah_bbm', NULL, 18),
(69, 36, 2, 'Laporan Peminjaman ', 'lap.display_peminjaman_bbm', NULL, 8),
(70, 36, 2, 'Laporan Pengembalian Pinjaman ', 'lap.display_pengembalian_pinjaman_bbm', NULL, 9),
(71, 36, 2, 'Laporan Pinjaman Belum di kembalikan', 'lap.display_peminjaman_belum_dikembalikan_bbm', NULL, 10),
(72, 73, 2, 'BA Penerima Hibah BBM Dengan Instansi Lain', 'monitoring.ba_penerima_hibah_bbm_instansi_lain', NULL, 17),
(73, NULL, 1, 'Monitoring HIBAH', '', 'fa fa-desktop', 5),
(74, 36, 2, 'Laporan Hibah Antar Kapal Pengawas', 'lap.display_hibah_antar_kapal_pengawas', NULL, 12),
(75, 36, 2, 'Laporan Pemberi Hibah BBM Instansi Lain', 'lap.display_hibah_pemberi_instansi_lain', NULL, 13),
(76, 36, 2, 'Laporan Penerima Hibah BBM Instansi Lain', 'lap.display_hibah_penerima_instansi_lain', NULL, 14),
(77, 36, 2, 'Laporan Penerimaan Hibah BBM ', 'lap.display_hibah_penerimaan_bbm', NULL, 15),
(78, 5, 2, 'Release', 'config.release', NULL, 4);

-- --------------------------------------------------------

--
-- Struktur dari tabel `sys_user_kapal`
--

CREATE TABLE `sys_user_kapal` (
  `sys_user_kapal_id` int(11) NOT NULL,
  `conf_user_id` int(11) DEFAULT NULL,
  `m_kapal_id` int(11) DEFAULT NULL
) ENGINE=InnoDB DEFAULT CHARSET=latin1 COLLATE=latin1_swedish_ci ROW_FORMAT=COMPACT;

--
-- Dumping data untuk tabel `sys_user_kapal`
--

INSERT INTO `sys_user_kapal` (`sys_user_kapal_id`, `conf_user_id`, `m_kapal_id`) VALUES
(141, 16, 27),
(142, 17, 28),
(143, 19, 30),
(144, 20, 25),
(146, 23, 1),
(147, 22, 32),
(148, 18, 29),
(159, 27, 14),
(160, 27, 19),
(169, 28, 4),
(170, 29, 11),
(207, 32, 17),
(208, 32, 24),
(212, 30, 15),
(213, 39, 10),
(214, 39, 35),
(250, 26, 19),
(251, 33, 12),
(252, 33, 20),
(256, 36, 16),
(257, 37, 22),
(258, 38, 21),
(259, 40, 18),
(295, 43, 5),
(296, 44, 6),
(297, 45, 7),
(298, 46, 9),
(299, 47, 10),
(300, 48, 12),
(301, 49, 14),
(302, 50, 15),
(303, 51, 16),
(304, 52, 17),
(305, 53, 18),
(306, 54, 21),
(307, 55, 22),
(308, 56, 23),
(309, 57, 24),
(310, 58, 35),
(311, 59, 34),
(312, 60, 31),
(313, 61, 2),
(314, 62, 3),
(315, 63, 33),
(399, 35, 7),
(402, 66, 36),
(403, 67, 37),
(407, 31, 6),
(408, 31, 23),
(409, 31, 37),
(410, 34, 4),
(411, 34, 11),
(412, 34, 36),
(451, 69, 39),
(499, 8, 9),
(500, 8, 13),
(739, 71, 41),
(740, 70, 40),
(753, 72, 42),
(1074, 12, 1),
(1075, 12, 2),
(1076, 12, 3),
(1077, 12, 4),
(1078, 12, 5),
(1079, 12, 6),
(1080, 12, 7),
(1081, 12, 8),
(1082, 12, 9),
(1083, 12, 10),
(1084, 12, 11),
(1085, 12, 12),
(1086, 12, 13),
(1087, 12, 14),
(1088, 12, 15),
(1089, 12, 16),
(1090, 12, 17),
(1091, 12, 18),
(1092, 12, 19),
(1093, 12, 20),
(1094, 12, 21),
(1095, 12, 22),
(1096, 12, 23),
(1097, 12, 24),
(1098, 12, 25),
(1099, 12, 26),
(1100, 12, 27),
(1101, 12, 28),
(1102, 12, 29),
(1103, 12, 30),
(1104, 12, 31),
(1105, 12, 32),
(1106, 12, 33),
(1107, 12, 34),
(1108, 12, 35),
(1109, 12, 36),
(1110, 12, 37),
(1111, 12, 40),
(1112, 12, 41),
(1113, 12, 42),
(1114, 12, 43),
(1115, 42, 1),
(1116, 42, 2),
(1117, 42, 3),
(1118, 42, 4),
(1119, 42, 5),
(1120, 42, 6),
(1121, 42, 7),
(1122, 42, 8),
(1123, 42, 9),
(1124, 42, 10),
(1125, 42, 11),
(1126, 42, 12),
(1127, 42, 13),
(1128, 42, 14),
(1129, 42, 15),
(1130, 42, 16),
(1131, 42, 17),
(1132, 42, 18),
(1133, 42, 19),
(1134, 42, 20),
(1135, 42, 21),
(1136, 42, 22),
(1137, 42, 23),
(1138, 42, 24),
(1139, 42, 25),
(1140, 42, 26),
(1141, 42, 27),
(1142, 42, 28),
(1143, 42, 29),
(1144, 42, 30),
(1145, 42, 31),
(1146, 42, 32),
(1147, 42, 33),
(1148, 42, 34),
(1149, 42, 35),
(1150, 42, 36),
(1151, 42, 37),
(1152, 42, 40),
(1153, 42, 41),
(1154, 42, 42),
(1155, 42, 43),
(1156, 64, 1),
(1157, 64, 2),
(1158, 64, 3),
(1159, 64, 4),
(1160, 64, 5),
(1161, 64, 6),
(1162, 64, 7),
(1163, 64, 8),
(1164, 64, 9),
(1165, 64, 10),
(1166, 64, 11),
(1167, 64, 12),
(1168, 64, 13),
(1169, 64, 14),
(1170, 64, 15),
(1171, 64, 16),
(1172, 64, 17),
(1173, 64, 18),
(1174, 64, 19),
(1175, 64, 20),
(1176, 64, 21),
(1177, 64, 22),
(1178, 64, 23),
(1179, 64, 24),
(1180, 64, 25),
(1181, 64, 26),
(1182, 64, 27),
(1183, 64, 28),
(1184, 64, 29),
(1185, 64, 30),
(1186, 64, 31),
(1187, 64, 32),
(1188, 64, 33),
(1189, 64, 34),
(1190, 64, 35),
(1191, 64, 36),
(1192, 64, 37),
(1193, 64, 40),
(1194, 64, 41),
(1195, 64, 42),
(1196, 64, 43),
(1239, 74, 43),
(1350, 21, 26),
(1538, 65, 1),
(1539, 65, 4),
(1540, 65, 5),
(1541, 65, 6),
(1542, 65, 7),
(1543, 65, 8),
(1544, 65, 9),
(1545, 65, 10),
(1546, 65, 11),
(1547, 65, 12),
(1548, 65, 13),
(1549, 65, 14),
(1550, 65, 15),
(1551, 65, 16),
(1552, 65, 17),
(1553, 65, 18),
(1554, 65, 19),
(1555, 65, 21),
(1556, 65, 22),
(1557, 65, 23),
(1558, 65, 24),
(1559, 65, 25),
(1560, 65, 26),
(1561, 65, 27),
(1562, 65, 28),
(1563, 65, 29),
(1564, 65, 30),
(1565, 65, 32),
(1566, 65, 36),
(1567, 65, 37),
(1568, 65, 40),
(1569, 65, 41),
(1570, 65, 42),
(1571, 65, 43),
(1572, 6, 8),
(1752, 10, 1),
(1753, 10, 2),
(1754, 10, 3),
(1755, 10, 4),
(1756, 10, 5),
(1757, 10, 6),
(1758, 10, 7),
(1759, 10, 8),
(1760, 10, 9),
(1761, 10, 10),
(1762, 10, 11),
(1763, 10, 12),
(1764, 10, 13),
(1765, 10, 14),
(1766, 10, 15),
(1767, 10, 16),
(1768, 10, 17),
(1769, 10, 18),
(1770, 10, 19),
(1771, 10, 20),
(1772, 10, 21),
(1773, 10, 22),
(1774, 10, 23),
(1775, 10, 24),
(1776, 10, 25),
(1777, 10, 26),
(1778, 10, 27),
(1779, 10, 28),
(1780, 10, 29),
(1781, 10, 30),
(1782, 10, 31),
(1783, 10, 32),
(1784, 10, 33),
(1785, 10, 34),
(1786, 10, 35),
(1787, 10, 36),
(1788, 10, 37),
(1789, 10, 40),
(1790, 10, 41),
(1791, 10, 42),
(1792, 10, 43),
(1793, 1, 1),
(1794, 1, 2),
(1795, 1, 3),
(1796, 1, 4),
(1797, 1, 5),
(1798, 1, 6),
(1799, 1, 7),
(1800, 1, 8),
(1801, 1, 9),
(1802, 1, 10),
(1803, 1, 11),
(1804, 1, 12),
(1805, 1, 13),
(1806, 1, 14),
(1807, 1, 15),
(1808, 1, 16),
(1809, 1, 17),
(1810, 1, 18),
(1811, 1, 19),
(1812, 1, 20),
(1813, 1, 21),
(1814, 1, 22),
(1815, 1, 23),
(1816, 1, 24),
(1817, 1, 25),
(1818, 1, 26),
(1819, 1, 27),
(1820, 1, 28),
(1821, 1, 29),
(1822, 1, 30),
(1823, 1, 31),
(1824, 1, 32),
(1825, 1, 33),
(1826, 1, 34),
(1827, 1, 35),
(1828, 1, 36),
(1829, 1, 37),
(1830, 1, 39),
(1831, 1, 40),
(1832, 1, 41),
(1833, 1, 42),
(1834, 1, 43),
(1835, 24, 1),
(1836, 24, 27),
(1837, 24, 28),
(1838, 24, 29),
(1839, 24, 30),
(1840, 24, 32),
(1841, 24, 39),
(1842, 24, 40),
(1843, 24, 41),
(1844, 24, 42),
(1845, 24, 43),
(1846, 7, 5),
(1847, 7, 8),
(1848, 7, 31),
(1849, 7, 34),
(1850, 9, 13),
(1851, 75, 1),
(1852, 75, 4),
(1853, 75, 5),
(1854, 75, 6),
(1855, 75, 7),
(1856, 75, 8),
(1857, 75, 9),
(1858, 75, 10),
(1859, 75, 11),
(1860, 75, 12),
(1861, 75, 13),
(1862, 75, 14),
(1863, 75, 15),
(1864, 75, 16),
(1865, 75, 17),
(1866, 75, 18),
(1867, 75, 19),
(1868, 75, 21),
(1869, 75, 22),
(1870, 75, 23),
(1871, 75, 24),
(1872, 75, 25),
(1873, 75, 26),
(1874, 75, 27),
(1875, 75, 28),
(1876, 75, 29),
(1877, 75, 30),
(1878, 75, 32),
(1879, 75, 36),
(1880, 75, 37),
(1881, 75, 39),
(1882, 75, 40),
(1883, 75, 41),
(1884, 75, 42),
(1885, 75, 43);

-- --------------------------------------------------------

--
-- Struktur dari tabel `ujicoba`
--

CREATE TABLE `ujicoba` (
  `no` decimal(10,0) DEFAULT NULL
) ENGINE=InnoDB DEFAULT CHARSET=latin1 COLLATE=latin1_swedish_ci ROW_FORMAT=COMPACT;

--
-- Indexes for dumped tables
--

--
-- Indeks untuk tabel `bbm_anggaran`
--
ALTER TABLE `bbm_anggaran`
  ADD PRIMARY KEY (`anggaran_id`) USING BTREE;

--
-- Indeks untuk tabel `bbm_anggaran_upt`
--
ALTER TABLE `bbm_anggaran_upt`
  ADD PRIMARY KEY (`anggaran_upt_id`) USING BTREE;

--
-- Indeks untuk tabel `bbm_kapaltrans`
--
ALTER TABLE `bbm_kapaltrans`
  ADD PRIMARY KEY (`trans_id`) USING BTREE;

--
-- Indeks untuk tabel `bbm_tagihan`
--
ALTER TABLE `bbm_tagihan`
  ADD PRIMARY KEY (`tagihan_id`) USING BTREE;

--
-- Indeks untuk tabel `bbm_transdetail`
--
ALTER TABLE `bbm_transdetail`
  ADD PRIMARY KEY (`bbm_transdetail_id`) USING BTREE;

--
-- Indeks untuk tabel `categories`
--
ALTER TABLE `categories`
  ADD PRIMARY KEY (`id`) USING BTREE;

--
-- Indeks untuk tabel `conf_group`
--
ALTER TABLE `conf_group`
  ADD PRIMARY KEY (`conf_group_id`) USING BTREE;

--
-- Indeks untuk tabel `conf_role_menu`
--
ALTER TABLE `conf_role_menu`
  ADD PRIMARY KEY (`id`) USING BTREE;

--
-- Indeks untuk tabel `conf_user`
--
ALTER TABLE `conf_user`
  ADD PRIMARY KEY (`conf_user_id`) USING BTREE;

--
-- Indeks untuk tabel `menus`
--
ALTER TABLE `menus`
  ADD PRIMARY KEY (`id`) USING BTREE;

--
-- Indeks untuk tabel `m_kapal`
--
ALTER TABLE `m_kapal`
  ADD PRIMARY KEY (`m_kapal_id`) USING BTREE;

--
-- Indeks untuk tabel `m_upt`
--
ALTER TABLE `m_upt`
  ADD PRIMARY KEY (`m_upt_id`) USING BTREE;

--
-- Indeks untuk tabel `port_news`
--
ALTER TABLE `port_news`
  ADD PRIMARY KEY (`id`) USING BTREE;

--
-- Indeks untuk tabel `stm_menuv2`
--
ALTER TABLE `stm_menuv2`
  ADD PRIMARY KEY (`id`) USING BTREE;

--
-- Indeks untuk tabel `sys_user_kapal`
--
ALTER TABLE `sys_user_kapal`
  ADD PRIMARY KEY (`sys_user_kapal_id`) USING BTREE;

--
-- AUTO_INCREMENT untuk tabel yang dibuang
--

--
-- AUTO_INCREMENT untuk tabel `bbm_anggaran`
--
ALTER TABLE `bbm_anggaran`
  MODIFY `anggaran_id` int(11) NOT NULL AUTO_INCREMENT, AUTO_INCREMENT=210;

--
-- AUTO_INCREMENT untuk tabel `bbm_anggaran_upt`
--
ALTER TABLE `bbm_anggaran_upt`
  MODIFY `anggaran_upt_id` int(11) NOT NULL AUTO_INCREMENT, AUTO_INCREMENT=152;

--
-- AUTO_INCREMENT untuk tabel `bbm_kapaltrans`
--
ALTER TABLE `bbm_kapaltrans`
  MODIFY `trans_id` int(11) NOT NULL AUTO_INCREMENT;

--
-- AUTO_INCREMENT untuk tabel `bbm_tagihan`
--
ALTER TABLE `bbm_tagihan`
  MODIFY `tagihan_id` int(11) NOT NULL AUTO_INCREMENT;

--
-- AUTO_INCREMENT untuk tabel `bbm_transdetail`
--
ALTER TABLE `bbm_transdetail`
  MODIFY `bbm_transdetail_id` int(11) NOT NULL AUTO_INCREMENT;

--
-- AUTO_INCREMENT untuk tabel `categories`
--
ALTER TABLE `categories`
  MODIFY `id` int(11) NOT NULL AUTO_INCREMENT, AUTO_INCREMENT=7;

--
-- AUTO_INCREMENT untuk tabel `conf_group`
--
ALTER TABLE `conf_group`
  MODIFY `conf_group_id` int(11) NOT NULL AUTO_INCREMENT, AUTO_INCREMENT=6;

--
-- AUTO_INCREMENT untuk tabel `conf_role_menu`
--
ALTER TABLE `conf_role_menu`
  MODIFY `id` int(11) NOT NULL AUTO_INCREMENT, AUTO_INCREMENT=2165;

--
-- AUTO_INCREMENT untuk tabel `conf_user`
--
ALTER TABLE `conf_user`
  MODIFY `conf_user_id` int(11) NOT NULL AUTO_INCREMENT, AUTO_INCREMENT=79;

--
-- AUTO_INCREMENT untuk tabel `menus`
--
ALTER TABLE `menus`
  MODIFY `id` int(11) NOT NULL AUTO_INCREMENT, AUTO_INCREMENT=25;

--
-- AUTO_INCREMENT untuk tabel `m_kapal`
--
ALTER TABLE `m_kapal`
  MODIFY `m_kapal_id` int(11) NOT NULL AUTO_INCREMENT, AUTO_INCREMENT=44;

--
-- AUTO_INCREMENT untuk tabel `m_upt`
--
ALTER TABLE `m_upt`
  MODIFY `m_upt_id` int(11) NOT NULL AUTO_INCREMENT, AUTO_INCREMENT=17;

--
-- AUTO_INCREMENT untuk tabel `port_news`
--
ALTER TABLE `port_news`
  MODIFY `id` int(11) NOT NULL AUTO_INCREMENT, AUTO_INCREMENT=16;

--
-- AUTO_INCREMENT untuk tabel `stm_menuv2`
--
ALTER TABLE `stm_menuv2`
  MODIFY `id` int(11) NOT NULL AUTO_INCREMENT, AUTO_INCREMENT=79;

--
-- AUTO_INCREMENT untuk tabel `sys_user_kapal`
--
ALTER TABLE `sys_user_kapal`
  MODIFY `sys_user_kapal_id` int(11) NOT NULL AUTO_INCREMENT, AUTO_INCREMENT=1886;
COMMIT;

/*!40101 SET CHARACTER_SET_CLIENT=@OLD_CHARACTER_SET_CLIENT */;
/*!40101 SET CHARACTER_SET_RESULTS=@OLD_CHARACTER_SET_RESULTS */;
/*!40101 SET COLLATION_CONNECTION=@OLD_COLLATION_CONNECTION */;
